forecast_id,location_id,city_name,latitude,longitude,timezone,forecast_time,forecast_date,forecast_hour,day_name,temperature,cloud_cover,wind_speed,wind_direction,solar_score,wind_score,recommendation
1,1,Louisville,38.2527,-85.7585,America/New_York,2026-06-08 00:00:00,2026-06-08,0,Monday,25.0,17,4.7,171,83,11.75,Strong Solar Potential
2,1,Louisville,38.2527,-85.7585,America/New_York,2026-06-08 01:00:00,2026-06-08,1,Monday,24.7,90,5.9,166,10,14.75,Low Renewable Potential
3,1,Louisville,38.2527,-85.7585,America/New_York,2026-06-08 02:00:00,2026-06-08,2,Monday,24.5,62,6.5,161,38,16.25,Low Renewable Potential
4,1,Louisville,38.2527,-85.7585,America/New_York,2026-06-08 03:00:00,2026-06-08,3,Monday,23.4,25,6.0,163,75,15.0,Strong Solar Potential
5,1,Louisville,38.2527,-85.7585,America/New_York,2026-06-08 04:00:00,2026-06-08,4,Monday,23.4,3,1.0,135,97,2.5,Strong Solar Potential
6,1,Louisville,38.2527,-85.7585,America/New_York,2026-06-08 05:00:00,2026-06-08,5,Monday,23.3,16,3.4,148,84,8.5,Strong Solar Potential
7,1,Louisville,38.2527,-85.7585,America/New_York,2026-06-08 06:00:00,2026-06-08,6,Monday,22.9,87,5.0,150,13,12.5,Low Renewable Potential
8,1,Louisville,38.2527,-85.7585,America/New_York,2026-06-08 07:00:00,2026-06-08,7,Monday,22.9,100,4.5,151,0,11.25,Low Renewable Potential
9,1,Louisville,38.2527,-85.7585,America/New_York,2026-06-08 08:00:00,2026-06-08,8,Monday,23.2,100,8.4,149,0,21.0,Low Renewable Potential
10,1,Louisville,38.2527,-85.7585,America/New_York,2026-06-08 09:00:00,2026-06-08,9,Monday,23.6,100,9.7,149,0,24.25,Low Renewable Potential
11,1,Louisville,38.2527,-85.7585,America/New_York,2026-06-08 10:00:00,2026-06-08,10,Monday,23.4,100,8.2,157,0,20.5,Low Renewable Potential
12,1,Louisville,38.2527,-85.7585,America/New_York,2026-06-08 11:00:00,2026-06-08,11,Monday,24.1,100,6.7,164,0,16.75,Low Renewable Potential
13,1,Louisville,38.2527,-85.7585,America/New_York,2026-06-08 12:00:00,2026-06-08,12,Monday,24.5,100,8.7,175,0,21.75,Low Renewable Potential
14,1,Louisville,38.2527,-85.7585,America/New_York,2026-06-08 13:00:00,2026-06-08,13,Monday,24.9,100,13.0,174,0,32.5,Low Renewable Potential
15,1,Louisville,38.2527,-85.7585,America/New_York,2026-06-08 14:00:00,2026-06-08,14,Monday,25.6,100,10.9,188,0,27.25,Low Renewable Potential
16,1,Louisville,38.2527,-85.7585,America/New_York,2026-06-08 15:00:00,2026-06-08,15,Monday,25.1,100,11.3,153,0,28.25,Low Renewable Potential
17,1,Louisville,38.2527,-85.7585,America/New_York,2026-06-08 16:00:00,2026-06-08,16,Monday,24.9,100,9.3,164,0,23.25,Low Renewable Potential
18,1,Louisville,38.2527,-85.7585,America/New_York,2026-06-08 17:00:00,2026-06-08,17,Monday,26.2,100,14.7,126,0,36.75,Low Renewable Potential
19,1,Louisville,38.2527,-85.7585,America/New_York,2026-06-08 18:00:00,2026-06-08,18,Monday,26.6,12,12.9,144,88,32.25,Strong Solar Potential
20,1,Louisville,38.2527,-85.7585,America/New_York,2026-06-08 19:00:00,2026-06-08,19,Monday,27.1,3,12.0,147,97,30.0,Strong Solar Potential
21,1,Louisville,38.2527,-85.7585,America/New_York,2026-06-08 20:00:00,2026-06-08,20,Monday,26.2,5,10.4,146,95,26.0,Strong Solar Potential
22,1,Louisville,38.2527,-85.7585,America/New_York,2026-06-08 21:00:00,2026-06-08,21,Monday,24.7,100,11.8,142,0,29.5,Low Renewable Potential
23,1,Louisville,38.2527,-85.7585,America/New_York,2026-06-08 22:00:00,2026-06-08,22,Monday,24.0,100,11.5,160,0,28.75,Low Renewable Potential
24,1,Louisville,38.2527,-85.7585,America/New_York,2026-06-08 23:00:00,2026-06-08,23,Monday,23.4,97,8.9,148,3,22.25,Low Renewable Potential
25,1,Louisville,38.2527,-85.7585,America/New_York,2026-06-09 00:00:00,2026-06-09,0,Tuesday,23.0,38,8.2,157,62,20.5,Moderate Renewable Potential
26,1,Louisville,38.2527,-85.7585,America/New_York,2026-06-09 01:00:00,2026-06-09,1,Tuesday,22.8,84,9.4,162,16,23.5,Low Renewable Potential
27,1,Louisville,38.2527,-85.7585,America/New_York,2026-06-09 02:00:00,2026-06-09,2,Tuesday,23.0,100,11.4,167,0,28.5,Low Renewable Potential
28,1,Louisville,38.2527,-85.7585,America/New_York,2026-06-09 03:00:00,2026-06-09,3,Tuesday,23.3,100,10.4,200,0,26.0,Low Renewable Potential
29,1,Louisville,38.2527,-85.7585,America/New_York,2026-06-09 04:00:00,2026-06-09,4,Tuesday,22.8,100,10.9,186,0,27.25,Low Renewable Potential
30,1,Louisville,38.2527,-85.7585,America/New_York,2026-06-09 05:00:00,2026-06-09,5,Tuesday,22.3,100,11.5,194,0,28.75,Low Renewable Potential
31,1,Louisville,38.2527,-85.7585,America/New_York,2026-06-09 06:00:00,2026-06-09,6,Tuesday,22.3,100,11.0,199,0,27.5,Low Renewable Potential
32,1,Louisville,38.2527,-85.7585,America/New_York,2026-06-09 07:00:00,2026-06-09,7,Tuesday,22.2,100,16.3,202,0,40.75,Low Renewable Potential
33,1,Louisville,38.2527,-85.7585,America/New_York,2026-06-09 08:00:00,2026-06-09,8,Tuesday,22.8,100,15.7,217,0,39.25,Low Renewable Potential
34,1,Louisville,38.2527,-85.7585,America/New_York,2026-06-09 09:00:00,2026-06-09,9,Tuesday,22.6,100,8.9,220,0,22.25,Low Renewable Potential
35,1,Louisville,38.2527,-85.7585,America/New_York,2026-06-09 10:00:00,2026-06-09,10,Tuesday,23.7,100,14.6,196,0,36.5,Low Renewable Potential
36,1,Louisville,38.2527,-85.7585,America/New_York,2026-06-09 11:00:00,2026-06-09,11,Tuesday,24.6,100,14.9,195,0,37.25,Low Renewable Potential
37,1,Louisville,38.2527,-85.7585,America/New_York,2026-06-09 12:00:00,2026-06-09,12,Tuesday,25.5,100,14.9,195,0,37.25,Low Renewable Potential
38,1,Louisville,38.2527,-85.7585,America/New_York,2026-06-09 13:00:00,2026-06-09,13,Tuesday,25.9,100,16.3,208,0,40.75,Low Renewable Potential
39,1,Louisville,38.2527,-85.7585,America/New_York,2026-06-09 14:00:00,2026-06-09,14,Tuesday,28.0,100,14.5,222,0,36.25,Low Renewable Potential
40,1,Louisville,38.2527,-85.7585,America/New_York,2026-06-09 15:00:00,2026-06-09,15,Tuesday,27.4,100,12.0,219,0,30.0,Low Renewable Potential
41,1,Louisville,38.2527,-85.7585,America/New_York,2026-06-09 16:00:00,2026-06-09,16,Tuesday,28.1,100,14.8,209,0,37.0,Low Renewable Potential
42,1,Louisville,38.2527,-85.7585,America/New_York,2026-06-09 17:00:00,2026-06-09,17,Tuesday,28.4,100,14.8,198,0,37.0,Low Renewable Potential
43,1,Louisville,38.2527,-85.7585,America/New_York,2026-06-09 18:00:00,2026-06-09,18,Tuesday,28.0,100,13.0,186,0,32.5,Low Renewable Potential
44,1,Louisville,38.2527,-85.7585,America/New_York,2026-06-09 19:00:00,2026-06-09,19,Tuesday,27.6,85,13.0,174,15,32.5,Low Renewable Potential
45,1,Louisville,38.2527,-85.7585,America/New_York,2026-06-09 20:00:00,2026-06-09,20,Tuesday,25.8,92,11.6,210,8,29.0,Low Renewable Potential
46,1,Louisville,38.2527,-85.7585,America/New_York,2026-06-09 21:00:00,2026-06-09,21,Tuesday,24.5,100,9.7,225,0,24.25,Low Renewable Potential
47,1,Louisville,38.2527,-85.7585,America/New_York,2026-06-09 22:00:00,2026-06-09,22,Tuesday,23.7,100,9.6,214,0,24.0,Low Renewable Potential
48,1,Louisville,38.2527,-85.7585,America/New_York,2026-06-09 23:00:00,2026-06-09,23,Tuesday,23.0,54,8.3,198,46,20.75,Moderate Renewable Potential
49,1,Louisville,38.2527,-85.7585,America/New_York,2026-06-10 00:00:00,2026-06-10,0,Wednesday,22.4,100,7.9,204,0,19.75,Low Renewable Potential
50,1,Louisville,38.2527,-85.7585,America/New_York,2026-06-10 01:00:00,2026-06-10,1,Wednesday,21.9,100,7.5,197,0,18.75,Low Renewable Potential
51,1,Louisville,38.2527,-85.7585,America/New_York,2026-06-10 02:00:00,2026-06-10,2,Wednesday,21.6,65,6.5,180,35,16.25,Low Renewable Potential
52,1,Louisville,38.2527,-85.7585,America/New_York,2026-06-10 03:00:00,2026-06-10,3,Wednesday,21.4,7,10.1,186,93,25.25,Strong Solar Potential
53,1,Louisville,38.2527,-85.7585,America/New_York,2026-06-10 04:00:00,2026-06-10,4,Wednesday,21.5,23,11.0,191,77,27.5,Strong Solar Potential
54,1,Louisville,38.2527,-85.7585,America/New_York,2026-06-10 05:00:00,2026-06-10,5,Wednesday,21.3,11,6.0,197,89,15.0,Strong Solar Potential
55,1,Louisville,38.2527,-85.7585,America/New_York,2026-06-10 06:00:00,2026-06-10,6,Wednesday,21.4,100,10.9,189,0,27.25,Low Renewable Potential
56,1,Louisville,38.2527,-85.7585,America/New_York,2026-06-10 07:00:00,2026-06-10,7,Wednesday,22.0,59,7.6,211,41,19.0,Low Renewable Potential
57,1,Louisville,38.2527,-85.7585,America/New_York,2026-06-10 08:00:00,2026-06-10,8,Wednesday,23.5,29,11.7,225,71,29.25,Strong Solar Potential
58,1,Louisville,38.2527,-85.7585,America/New_York,2026-06-10 09:00:00,2026-06-10,9,Wednesday,25.4,13,16.0,234,87,40.0,Strong Solar Potential
59,1,Louisville,38.2527,-85.7585,America/New_York,2026-06-10 10:00:00,2026-06-10,10,Wednesday,26.9,100,16.6,240,0,41.5,Low Renewable Potential
60,1,Louisville,38.2527,-85.7585,America/New_York,2026-06-10 11:00:00,2026-06-10,11,Wednesday,28.6,100,16.2,238,0,40.5,Low Renewable Potential
61,1,Louisville,38.2527,-85.7585,America/New_York,2026-06-10 12:00:00,2026-06-10,12,Wednesday,29.9,100,18.8,239,0,47.0,Moderate Renewable Potential
62,1,Louisville,38.2527,-85.7585,America/New_York,2026-06-10 13:00:00,2026-06-10,13,Wednesday,31.1,100,18.0,235,0,45.0,Moderate Renewable Potential
63,1,Louisville,38.2527,-85.7585,America/New_York,2026-06-10 14:00:00,2026-06-10,14,Wednesday,31.8,95,17.2,231,5,43.0,Low Renewable Potential
64,1,Louisville,38.2527,-85.7585,America/New_York,2026-06-10 15:00:00,2026-06-10,15,Wednesday,31.9,100,17.9,230,0,44.75,Low Renewable Potential
65,1,Louisville,38.2527,-85.7585,America/New_York,2026-06-10 16:00:00,2026-06-10,16,Wednesday,31.8,100,18.6,229,0,46.5,Moderate Renewable Potential
66,1,Louisville,38.2527,-85.7585,America/New_York,2026-06-10 17:00:00,2026-06-10,17,Wednesday,31.6,100,16.8,222,0,42.0,Low Renewable Potential
67,1,Louisville,38.2527,-85.7585,America/New_York,2026-06-10 18:00:00,2026-06-10,18,Wednesday,31.3,38,16.5,216,62,41.25,Moderate Renewable Potential
68,1,Louisville,38.2527,-85.7585,America/New_York,2026-06-10 19:00:00,2026-06-10,19,Wednesday,30.0,100,16.8,223,0,42.0,Low Renewable Potential
69,1,Louisville,38.2527,-85.7585,America/New_York,2026-06-10 20:00:00,2026-06-10,20,Wednesday,28.7,100,14.3,223,0,35.75,Low Renewable Potential
70,1,Louisville,38.2527,-85.7585,America/New_York,2026-06-10 21:00:00,2026-06-10,21,Wednesday,27.3,100,10.3,216,0,25.75,Low Renewable Potential
71,1,Louisville,38.2527,-85.7585,America/New_York,2026-06-10 22:00:00,2026-06-10,22,Wednesday,26.2,100,7.4,209,0,18.5,Low Renewable Potential
72,1,Louisville,38.2527,-85.7585,America/New_York,2026-06-10 23:00:00,2026-06-10,23,Wednesday,25.6,5,8.9,194,95,22.25,Strong Solar Potential
73,1,Louisville,38.2527,-85.7585,America/New_York,2026-06-11 00:00:00,2026-06-11,0,Thursday,25.4,0,9.8,197,100,24.5,Strong Solar Potential
74,1,Louisville,38.2527,-85.7585,America/New_York,2026-06-11 01:00:00,2026-06-11,1,Thursday,25.1,0,10.3,209,100,25.75,Strong Solar Potential
75,1,Louisville,38.2527,-85.7585,America/New_York,2026-06-11 02:00:00,2026-06-11,2,Thursday,24.8,0,10.0,218,100,25.0,Strong Solar Potential
76,1,Louisville,38.2527,-85.7585,America/New_York,2026-06-11 03:00:00,2026-06-11,3,Thursday,24.3,0,9.6,214,100,24.0,Strong Solar Potential
77,1,Louisville,38.2527,-85.7585,America/New_York,2026-06-11 04:00:00,2026-06-11,4,Thursday,24.0,0,10.5,211,100,26.25,Strong Solar Potential
78,1,Louisville,38.2527,-85.7585,America/New_York,2026-06-11 05:00:00,2026-06-11,5,Thursday,23.7,0,10.5,207,100,26.25,Strong Solar Potential
79,1,Louisville,38.2527,-85.7585,America/New_York,2026-06-11 06:00:00,2026-06-11,6,Thursday,23.6,0,12.1,207,100,30.25,Strong Solar Potential
80,1,Louisville,38.2527,-85.7585,America/New_York,2026-06-11 07:00:00,2026-06-11,7,Thursday,23.7,0,11.3,207,100,28.25,Strong Solar Potential
81,1,Louisville,38.2527,-85.7585,America/New_York,2026-06-11 08:00:00,2026-06-11,8,Thursday,24.6,0,9.7,211,100,24.25,Strong Solar Potential
82,1,Louisville,38.2527,-85.7585,America/New_York,2026-06-11 09:00:00,2026-06-11,9,Thursday,26.4,0,13.8,221,100,34.5,Strong Solar Potential
83,1,Louisville,38.2527,-85.7585,America/New_York,2026-06-11 10:00:00,2026-06-11,10,Thursday,28.2,0,15.1,220,100,37.75,Strong Solar Potential
84,1,Louisville,38.2527,-85.7585,America/New_York,2026-06-11 11:00:00,2026-06-11,11,Thursday,29.7,100,15.8,227,0,39.5,Low Renewable Potential
85,1,Louisville,38.2527,-85.7585,America/New_York,2026-06-11 12:00:00,2026-06-11,12,Thursday,30.8,100,16.9,232,0,42.25,Low Renewable Potential
86,1,Louisville,38.2527,-85.7585,America/New_York,2026-06-11 13:00:00,2026-06-11,13,Thursday,31.8,65,16.8,227,35,42.0,Low Renewable Potential
87,1,Louisville,38.2527,-85.7585,America/New_York,2026-06-11 14:00:00,2026-06-11,14,Thursday,32.6,64,16.6,228,36,41.5,Low Renewable Potential
88,1,Louisville,38.2527,-85.7585,America/New_York,2026-06-11 15:00:00,2026-06-11,15,Thursday,33.1,18,17.6,229,82,44.0,Strong Solar Potential
89,1,Louisville,38.2527,-85.7585,America/New_York,2026-06-11 16:00:00,2026-06-11,16,Thursday,33.2,93,17.1,228,7,42.75,Low Renewable Potential
90,1,Louisville,38.2527,-85.7585,America/New_York,2026-06-11 17:00:00,2026-06-11,17,Thursday,33.2,22,16.5,226,78,41.25,Strong Solar Potential
91,1,Louisville,38.2527,-85.7585,America/New_York,2026-06-11 18:00:00,2026-06-11,18,Thursday,32.7,12,15.3,227,88,38.25,Strong Solar Potential
92,1,Louisville,38.2527,-85.7585,America/New_York,2026-06-11 19:00:00,2026-06-11,19,Thursday,31.5,64,15.5,222,36,38.75,Low Renewable Potential
93,1,Louisville,38.2527,-85.7585,America/New_York,2026-06-11 20:00:00,2026-06-11,20,Thursday,30.1,55,13.3,221,45,33.25,Moderate Renewable Potential
94,1,Louisville,38.2527,-85.7585,America/New_York,2026-06-11 21:00:00,2026-06-11,21,Thursday,28.4,100,11.0,221,0,27.5,Low Renewable Potential
95,1,Louisville,38.2527,-85.7585,America/New_York,2026-06-11 22:00:00,2026-06-11,22,Thursday,27.5,88,10.7,213,12,26.75,Low Renewable Potential
96,1,Louisville,38.2527,-85.7585,America/New_York,2026-06-11 23:00:00,2026-06-11,23,Thursday,27.1,8,11.8,207,92,29.5,Strong Solar Potential
97,1,Louisville,38.2527,-85.7585,America/New_York,2026-06-12 00:00:00,2026-06-12,0,Friday,27.3,0,13.9,217,100,34.75,Strong Solar Potential
98,1,Louisville,38.2527,-85.7585,America/New_York,2026-06-12 01:00:00,2026-06-12,1,Friday,26.5,0,13.8,223,100,34.5,Strong Solar Potential
99,1,Louisville,38.2527,-85.7585,America/New_York,2026-06-12 02:00:00,2026-06-12,2,Friday,26.0,0,13.7,225,100,34.25,Strong Solar Potential
100,1,Louisville,38.2527,-85.7585,America/New_York,2026-06-12 03:00:00,2026-06-12,3,Friday,25.6,100,12.8,218,0,32.0,Low Renewable Potential
101,1,Louisville,38.2527,-85.7585,America/New_York,2026-06-12 04:00:00,2026-06-12,4,Friday,25.0,77,12.4,216,23,31.0,Low Renewable Potential
102,1,Louisville,38.2527,-85.7585,America/New_York,2026-06-12 05:00:00,2026-06-12,5,Friday,23.4,5,13.9,217,95,34.75,Strong Solar Potential
103,1,Louisville,38.2527,-85.7585,America/New_York,2026-06-12 06:00:00,2026-06-12,6,Friday,22.6,100,11.6,216,0,29.0,Low Renewable Potential
104,1,Louisville,38.2527,-85.7585,America/New_York,2026-06-12 07:00:00,2026-06-12,7,Friday,22.4,100,11.2,222,0,28.0,Low Renewable Potential
105,1,Louisville,38.2527,-85.7585,America/New_York,2026-06-12 08:00:00,2026-06-12,8,Friday,23.0,100,9.2,244,0,23.0,Low Renewable Potential
106,1,Louisville,38.2527,-85.7585,America/New_York,2026-06-12 09:00:00,2026-06-12,9,Friday,23.9,100,8.5,216,0,21.25,Low Renewable Potential
107,1,Louisville,38.2527,-85.7585,America/New_York,2026-06-12 10:00:00,2026-06-12,10,Friday,25.3,100,11.6,216,0,29.0,Low Renewable Potential
108,1,Louisville,38.2527,-85.7585,America/New_York,2026-06-12 11:00:00,2026-06-12,11,Friday,27.5,100,10.3,234,0,25.75,Low Renewable Potential
109,1,Louisville,38.2527,-85.7585,America/New_York,2026-06-12 12:00:00,2026-06-12,12,Friday,29.9,100,12.3,249,0,30.75,Low Renewable Potential
110,1,Louisville,38.2527,-85.7585,America/New_York,2026-06-12 13:00:00,2026-06-12,13,Friday,30.9,100,13.2,259,0,33.0,Low Renewable Potential
111,1,Louisville,38.2527,-85.7585,America/New_York,2026-06-12 14:00:00,2026-06-12,14,Friday,28.8,38,15.1,271,62,37.75,Moderate Renewable Potential
112,1,Louisville,38.2527,-85.7585,America/New_York,2026-06-12 15:00:00,2026-06-12,15,Friday,28.4,100,12.4,260,0,31.0,Low Renewable Potential
113,1,Louisville,38.2527,-85.7585,America/New_York,2026-06-12 16:00:00,2026-06-12,16,Friday,28.0,13,14.1,302,87,35.25,Strong Solar Potential
114,1,Louisville,38.2527,-85.7585,America/New_York,2026-06-12 17:00:00,2026-06-12,17,Friday,27.9,23,11.7,315,77,29.25,Strong Solar Potential
115,1,Louisville,38.2527,-85.7585,America/New_York,2026-06-12 18:00:00,2026-06-12,18,Friday,28.4,17,11.7,342,83,29.25,Strong Solar Potential
116,1,Louisville,38.2527,-85.7585,America/New_York,2026-06-12 19:00:00,2026-06-12,19,Friday,27.9,75,10.8,345,25,27.0,Low Renewable Potential
117,1,Louisville,38.2527,-85.7585,America/New_York,2026-06-12 20:00:00,2026-06-12,20,Friday,26.9,49,11.4,332,51,28.5,Moderate Renewable Potential
118,1,Louisville,38.2527,-85.7585,America/New_York,2026-06-12 21:00:00,2026-06-12,21,Friday,25.1,40,10.4,346,60,26.0,Moderate Renewable Potential
119,1,Louisville,38.2527,-85.7585,America/New_York,2026-06-12 22:00:00,2026-06-12,22,Friday,23.7,23,9.5,351,77,23.75,Strong Solar Potential
120,1,Louisville,38.2527,-85.7585,America/New_York,2026-06-12 23:00:00,2026-06-12,23,Friday,22.7,23,10.0,347,77,25.0,Strong Solar Potential
121,1,Louisville,38.2527,-85.7585,America/New_York,2026-06-13 00:00:00,2026-06-13,0,Saturday,22.0,100,10.8,356,0,27.0,Low Renewable Potential
122,1,Louisville,38.2527,-85.7585,America/New_York,2026-06-13 01:00:00,2026-06-13,1,Saturday,21.0,100,7.3,11,0,18.25,Low Renewable Potential
123,1,Louisville,38.2527,-85.7585,America/New_York,2026-06-13 02:00:00,2026-06-13,2,Saturday,20.3,100,7.8,13,0,19.5,Low Renewable Potential
124,1,Louisville,38.2527,-85.7585,America/New_York,2026-06-13 03:00:00,2026-06-13,3,Saturday,19.9,100,7.2,27,0,18.0,Low Renewable Potential
125,1,Louisville,38.2527,-85.7585,America/New_York,2026-06-13 04:00:00,2026-06-13,4,Saturday,19.6,100,6.9,28,0,17.25,Low Renewable Potential
126,1,Louisville,38.2527,-85.7585,America/New_York,2026-06-13 05:00:00,2026-06-13,5,Saturday,19.0,100,7.9,24,0,19.75,Low Renewable Potential
127,1,Louisville,38.2527,-85.7585,America/New_York,2026-06-13 06:00:00,2026-06-13,6,Saturday,18.4,100,7.2,37,0,18.0,Low Renewable Potential
128,1,Louisville,38.2527,-85.7585,America/New_York,2026-06-13 07:00:00,2026-06-13,7,Saturday,18.2,5,6.5,34,95,16.25,Strong Solar Potential
129,1,Louisville,38.2527,-85.7585,America/New_York,2026-06-13 08:00:00,2026-06-13,8,Saturday,20.0,11,7.2,63,89,18.0,Strong Solar Potential
130,1,Louisville,38.2527,-85.7585,America/New_York,2026-06-13 09:00:00,2026-06-13,9,Saturday,22.0,10,7.1,75,90,17.75,Strong Solar Potential
131,1,Louisville,38.2527,-85.7585,America/New_York,2026-06-13 10:00:00,2026-06-13,10,Saturday,23.8,7,7.2,84,93,18.0,Strong Solar Potential
132,1,Louisville,38.2527,-85.7585,America/New_York,2026-06-13 11:00:00,2026-06-13,11,Saturday,25.4,5,7.6,93,95,19.0,Strong Solar Potential
133,1,Louisville,38.2527,-85.7585,America/New_York,2026-06-13 12:00:00,2026-06-13,12,Saturday,26.9,0,6.8,90,100,17.0,Strong Solar Potential
134,1,Louisville,38.2527,-85.7585,America/New_York,2026-06-13 13:00:00,2026-06-13,13,Saturday,28.2,0,7.7,101,100,19.25,Strong Solar Potential
135,1,Louisville,38.2527,-85.7585,America/New_York,2026-06-13 14:00:00,2026-06-13,14,Saturday,29.4,0,7.1,105,100,17.75,Strong Solar Potential
136,1,Louisville,38.2527,-85.7585,America/New_York,2026-06-13 15:00:00,2026-06-13,15,Saturday,30.0,14,6.8,93,86,17.0,Strong Solar Potential
137,1,Louisville,38.2527,-85.7585,America/New_York,2026-06-13 16:00:00,2026-06-13,16,Saturday,30.4,35,6.7,74,65,16.75,Moderate Renewable Potential
138,1,Louisville,38.2527,-85.7585,America/New_York,2026-06-13 17:00:00,2026-06-13,17,Saturday,30.2,50,7.4,61,50,18.5,Moderate Renewable Potential
139,1,Louisville,38.2527,-85.7585,America/New_York,2026-06-13 18:00:00,2026-06-13,18,Saturday,29.2,53,7.7,53,47,19.25,Moderate Renewable Potential
140,1,Louisville,38.2527,-85.7585,America/New_York,2026-06-13 19:00:00,2026-06-13,19,Saturday,27.7,50,7.7,49,50,19.25,Moderate Renewable Potential
141,1,Louisville,38.2527,-85.7585,America/New_York,2026-06-13 20:00:00,2026-06-13,20,Saturday,26.4,52,7.4,47,48,18.5,Moderate Renewable Potential
142,1,Louisville,38.2527,-85.7585,America/New_York,2026-06-13 21:00:00,2026-06-13,21,Saturday,25.5,66,5.9,52,34,14.75,Low Renewable Potential
143,1,Louisville,38.2527,-85.7585,America/New_York,2026-06-13 22:00:00,2026-06-13,22,Saturday,24.9,86,3.9,68,14,9.75,Low Renewable Potential
144,1,Louisville,38.2527,-85.7585,America/New_York,2026-06-13 23:00:00,2026-06-13,23,Saturday,24.3,100,2.5,82,0,6.25,Low Renewable Potential
145,1,Louisville,38.2527,-85.7585,America/New_York,2026-06-14 00:00:00,2026-06-14,0,Sunday,23.7,100,2.0,45,0,5.0,Low Renewable Potential
146,1,Louisville,38.2527,-85.7585,America/New_York,2026-06-14 01:00:00,2026-06-14,1,Sunday,23.2,100,3.3,13,0,8.25,Low Renewable Potential
147,1,Louisville,38.2527,-85.7585,America/New_York,2026-06-14 02:00:00,2026-06-14,2,Sunday,22.8,100,5.1,4,0,12.75,Low Renewable Potential
148,1,Louisville,38.2527,-85.7585,America/New_York,2026-06-14 03:00:00,2026-06-14,3,Sunday,22.4,100,5.9,11,0,14.75,Low Renewable Potential
149,1,Louisville,38.2527,-85.7585,America/New_York,2026-06-14 04:00:00,2026-06-14,4,Sunday,22.2,100,6.4,16,0,16.0,Low Renewable Potential
150,1,Louisville,38.2527,-85.7585,America/New_York,2026-06-14 05:00:00,2026-06-14,5,Sunday,22.0,100,6.6,22,0,16.5,Low Renewable Potential
151,1,Louisville,38.2527,-85.7585,America/New_York,2026-06-14 06:00:00,2026-06-14,6,Sunday,21.9,100,6.0,17,0,15.0,Low Renewable Potential
152,1,Louisville,38.2527,-85.7585,America/New_York,2026-06-14 07:00:00,2026-06-14,7,Sunday,21.9,100,5.4,8,0,13.5,Low Renewable Potential
153,1,Louisville,38.2527,-85.7585,America/New_York,2026-06-14 08:00:00,2026-06-14,8,Sunday,22.0,100,5.4,4,0,13.5,Low Renewable Potential
154,1,Louisville,38.2527,-85.7585,America/New_York,2026-06-14 09:00:00,2026-06-14,9,Sunday,22.0,100,6.3,13,0,15.75,Low Renewable Potential
155,1,Louisville,38.2527,-85.7585,America/New_York,2026-06-14 10:00:00,2026-06-14,10,Sunday,22.0,100,7.7,28,0,19.25,Low Renewable Potential
156,1,Louisville,38.2527,-85.7585,America/New_York,2026-06-14 11:00:00,2026-06-14,11,Sunday,22.5,100,8.9,32,0,22.25,Low Renewable Potential
157,1,Louisville,38.2527,-85.7585,America/New_York,2026-06-14 12:00:00,2026-06-14,12,Sunday,23.7,100,8.2,29,0,20.5,Low Renewable Potential
158,1,Louisville,38.2527,-85.7585,America/New_York,2026-06-14 13:00:00,2026-06-14,13,Sunday,25.3,100,7.3,20,0,18.25,Low Renewable Potential
159,1,Louisville,38.2527,-85.7585,America/New_York,2026-06-14 14:00:00,2026-06-14,14,Sunday,26.4,100,6.3,13,0,15.75,Low Renewable Potential
160,1,Louisville,38.2527,-85.7585,America/New_York,2026-06-14 15:00:00,2026-06-14,15,Sunday,26.5,100,5.8,7,0,14.5,Low Renewable Potential
161,1,Louisville,38.2527,-85.7585,America/New_York,2026-06-14 16:00:00,2026-06-14,16,Sunday,26.1,100,5.4,4,0,13.5,Low Renewable Potential
162,1,Louisville,38.2527,-85.7585,America/New_York,2026-06-14 17:00:00,2026-06-14,17,Sunday,25.7,100,4.7,360,0,11.75,Low Renewable Potential
163,1,Louisville,38.2527,-85.7585,America/New_York,2026-06-14 18:00:00,2026-06-14,18,Sunday,25.3,100,2.7,337,0,6.75,Low Renewable Potential
164,1,Louisville,38.2527,-85.7585,America/New_York,2026-06-14 19:00:00,2026-06-14,19,Sunday,24.8,100,1.8,259,0,4.5,Low Renewable Potential
165,1,Louisville,38.2527,-85.7585,America/New_York,2026-06-14 20:00:00,2026-06-14,20,Sunday,24.4,100,3.1,234,0,7.75,Low Renewable Potential
166,1,Louisville,38.2527,-85.7585,America/New_York,2026-06-14 21:00:00,2026-06-14,21,Sunday,23.9,100,2.9,240,0,7.25,Low Renewable Potential
167,1,Louisville,38.2527,-85.7585,America/New_York,2026-06-14 22:00:00,2026-06-14,22,Sunday,23.4,100,2.2,279,0,5.5,Low Renewable Potential
168,1,Louisville,38.2527,-85.7585,America/New_York,2026-06-14 23:00:00,2026-06-14,23,Sunday,22.9,100,2.1,329,0,5.25,Low Renewable Potential
169,2,Lexington,38.0406,-84.5037,America/New_York,2026-06-08 00:00:00,2026-06-08,0,Monday,22.1,66,5.9,128,34,14.75,Low Renewable Potential
170,2,Lexington,38.0406,-84.5037,America/New_York,2026-06-08 01:00:00,2026-06-08,1,Monday,21.8,33,8.0,153,67,20.0,Moderate Renewable Potential
171,2,Lexington,38.0406,-84.5037,America/New_York,2026-06-08 02:00:00,2026-06-08,2,Monday,20.9,10,7.3,169,90,18.25,Strong Solar Potential
172,2,Lexington,38.0406,-84.5037,America/New_York,2026-06-08 03:00:00,2026-06-08,3,Monday,20.9,3,7.3,171,97,18.25,Strong Solar Potential
173,2,Lexington,38.0406,-84.5037,America/New_York,2026-06-08 04:00:00,2026-06-08,4,Monday,20.6,3,6.2,170,97,15.5,Strong Solar Potential
174,2,Lexington,38.0406,-84.5037,America/New_York,2026-06-08 05:00:00,2026-06-08,5,Monday,20.6,35,5.8,150,65,14.5,Moderate Renewable Potential
175,2,Lexington,38.0406,-84.5037,America/New_York,2026-06-08 06:00:00,2026-06-08,6,Monday,20.4,15,6.2,170,85,15.5,Strong Solar Potential
176,2,Lexington,38.0406,-84.5037,America/New_York,2026-06-08 07:00:00,2026-06-08,7,Monday,20.9,100,7.1,156,0,17.75,Low Renewable Potential
177,2,Lexington,38.0406,-84.5037,America/New_York,2026-06-08 08:00:00,2026-06-08,8,Monday,22.0,99,8.7,156,1,21.75,Low Renewable Potential
178,2,Lexington,38.0406,-84.5037,America/New_York,2026-06-08 09:00:00,2026-06-08,9,Monday,23.2,99,9.2,169,1,23.0,Low Renewable Potential
179,2,Lexington,38.0406,-84.5037,America/New_York,2026-06-08 10:00:00,2026-06-08,10,Monday,24.4,99,8.9,159,1,22.25,Low Renewable Potential
180,2,Lexington,38.0406,-84.5037,America/New_York,2026-06-08 11:00:00,2026-06-08,11,Monday,25.4,69,10.5,172,31,26.25,Low Renewable Potential
181,2,Lexington,38.0406,-84.5037,America/New_York,2026-06-08 12:00:00,2026-06-08,12,Monday,26.2,100,11.9,177,0,29.75,Low Renewable Potential
182,2,Lexington,38.0406,-84.5037,America/New_York,2026-06-08 13:00:00,2026-06-08,13,Monday,26.1,100,15.5,183,0,38.75,Low Renewable Potential
183,2,Lexington,38.0406,-84.5037,America/New_York,2026-06-08 14:00:00,2026-06-08,14,Monday,25.5,100,12.1,192,0,30.25,Low Renewable Potential
184,2,Lexington,38.0406,-84.5037,America/New_York,2026-06-08 15:00:00,2026-06-08,15,Monday,25.0,100,11.4,191,0,28.5,Low Renewable Potential
185,2,Lexington,38.0406,-84.5037,America/New_York,2026-06-08 16:00:00,2026-06-08,16,Monday,22.5,100,9.5,171,0,23.75,Low Renewable Potential
186,2,Lexington,38.0406,-84.5037,America/New_York,2026-06-08 17:00:00,2026-06-08,17,Monday,22.7,99,14.0,157,1,35.0,Low Renewable Potential
187,2,Lexington,38.0406,-84.5037,America/New_York,2026-06-08 18:00:00,2026-06-08,18,Monday,22.9,100,11.3,158,0,28.25,Low Renewable Potential
188,2,Lexington,38.0406,-84.5037,America/New_York,2026-06-08 19:00:00,2026-06-08,19,Monday,23.2,72,11.7,133,28,29.25,Low Renewable Potential
189,2,Lexington,38.0406,-84.5037,America/New_York,2026-06-08 20:00:00,2026-06-08,20,Monday,23.0,100,13.1,159,0,32.75,Low Renewable Potential
190,2,Lexington,38.0406,-84.5037,America/New_York,2026-06-08 21:00:00,2026-06-08,21,Monday,22.2,71,11.9,155,29,29.75,Low Renewable Potential
191,2,Lexington,38.0406,-84.5037,America/New_York,2026-06-08 22:00:00,2026-06-08,22,Monday,21.7,83,10.2,162,17,25.5,Low Renewable Potential
192,2,Lexington,38.0406,-84.5037,America/New_York,2026-06-08 23:00:00,2026-06-08,23,Monday,21.3,100,10.2,162,0,25.5,Low Renewable Potential
193,2,Lexington,38.0406,-84.5037,America/New_York,2026-06-09 00:00:00,2026-06-09,0,Tuesday,21.4,93,12.6,167,7,31.5,Low Renewable Potential
194,2,Lexington,38.0406,-84.5037,America/New_York,2026-06-09 01:00:00,2026-06-09,1,Tuesday,21.5,100,11.9,175,0,29.75,Low Renewable Potential
195,2,Lexington,38.0406,-84.5037,America/New_York,2026-06-09 02:00:00,2026-06-09,2,Tuesday,21.4,100,12.3,165,0,30.75,Low Renewable Potential
196,2,Lexington,38.0406,-84.5037,America/New_York,2026-06-09 03:00:00,2026-06-09,3,Tuesday,21.3,93,12.4,163,7,31.0,Low Renewable Potential
197,2,Lexington,38.0406,-84.5037,America/New_York,2026-06-09 04:00:00,2026-06-09,4,Tuesday,21.2,100,13.6,169,0,34.0,Low Renewable Potential
198,2,Lexington,38.0406,-84.5037,America/New_York,2026-06-09 05:00:00,2026-06-09,5,Tuesday,21.4,100,14.4,180,0,36.0,Low Renewable Potential
199,2,Lexington,38.0406,-84.5037,America/New_York,2026-06-09 06:00:00,2026-06-09,6,Tuesday,21.5,100,13.0,182,0,32.5,Low Renewable Potential
200,2,Lexington,38.0406,-84.5037,America/New_York,2026-06-09 07:00:00,2026-06-09,7,Tuesday,21.5,100,10.4,200,0,26.0,Low Renewable Potential
201,2,Lexington,38.0406,-84.5037,America/New_York,2026-06-09 08:00:00,2026-06-09,8,Tuesday,21.8,100,13.4,207,0,33.5,Low Renewable Potential
202,2,Lexington,38.0406,-84.5037,America/New_York,2026-06-09 09:00:00,2026-06-09,9,Tuesday,21.2,100,16.3,215,0,40.75,Low Renewable Potential
203,2,Lexington,38.0406,-84.5037,America/New_York,2026-06-09 10:00:00,2026-06-09,10,Tuesday,21.5,100,16.3,194,0,40.75,Low Renewable Potential
204,2,Lexington,38.0406,-84.5037,America/New_York,2026-06-09 11:00:00,2026-06-09,11,Tuesday,22.5,100,16.7,205,0,41.75,Low Renewable Potential
205,2,Lexington,38.0406,-84.5037,America/New_York,2026-06-09 12:00:00,2026-06-09,12,Tuesday,24.1,100,14.9,195,0,37.25,Low Renewable Potential
206,2,Lexington,38.0406,-84.5037,America/New_York,2026-06-09 13:00:00,2026-06-09,13,Tuesday,25.6,95,17.7,218,5,44.25,Low Renewable Potential
207,2,Lexington,38.0406,-84.5037,America/New_York,2026-06-09 14:00:00,2026-06-09,14,Tuesday,23.0,100,12.3,201,0,30.75,Low Renewable Potential
208,2,Lexington,38.0406,-84.5037,America/New_York,2026-06-09 15:00:00,2026-06-09,15,Tuesday,25.1,100,15.6,206,0,39.0,Low Renewable Potential
209,2,Lexington,38.0406,-84.5037,America/New_York,2026-06-09 16:00:00,2026-06-09,16,Tuesday,25.9,100,22.2,223,0,55.5,Moderate Renewable Potential
210,2,Lexington,38.0406,-84.5037,America/New_York,2026-06-09 17:00:00,2026-06-09,17,Tuesday,26.1,100,15.3,219,0,38.25,Low Renewable Potential
211,2,Lexington,38.0406,-84.5037,America/New_York,2026-06-09 18:00:00,2026-06-09,18,Tuesday,25.8,100,17.6,211,0,44.0,Low Renewable Potential
212,2,Lexington,38.0406,-84.5037,America/New_York,2026-06-09 19:00:00,2026-06-09,19,Tuesday,25.1,100,16.5,216,0,41.25,Low Renewable Potential
213,2,Lexington,38.0406,-84.5037,America/New_York,2026-06-09 20:00:00,2026-06-09,20,Tuesday,24.1,100,12.5,221,0,31.25,Low Renewable Potential
214,2,Lexington,38.0406,-84.5037,America/New_York,2026-06-09 21:00:00,2026-06-09,21,Tuesday,22.7,100,6.3,193,0,15.75,Low Renewable Potential
215,2,Lexington,38.0406,-84.5037,America/New_York,2026-06-09 22:00:00,2026-06-09,22,Tuesday,22.0,79,13.0,214,21,32.5,Low Renewable Potential
216,2,Lexington,38.0406,-84.5037,America/New_York,2026-06-09 23:00:00,2026-06-09,23,Tuesday,21.4,100,10.7,222,0,26.75,Low Renewable Potential
217,2,Lexington,38.0406,-84.5037,America/New_York,2026-06-10 00:00:00,2026-06-10,0,Wednesday,21.2,97,11.0,238,3,27.5,Low Renewable Potential
218,2,Lexington,38.0406,-84.5037,America/New_York,2026-06-10 01:00:00,2026-06-10,1,Wednesday,20.8,52,10.9,226,48,27.25,Moderate Renewable Potential
219,2,Lexington,38.0406,-84.5037,America/New_York,2026-06-10 02:00:00,2026-06-10,2,Wednesday,20.5,99,11.5,226,1,28.75,Low Renewable Potential
220,2,Lexington,38.0406,-84.5037,America/New_York,2026-06-10 03:00:00,2026-06-10,3,Wednesday,20.2,100,11.2,225,0,28.0,Low Renewable Potential
221,2,Lexington,38.0406,-84.5037,America/New_York,2026-06-10 04:00:00,2026-06-10,4,Wednesday,20.2,97,16.6,207,3,41.5,Low Renewable Potential
222,2,Lexington,38.0406,-84.5037,America/New_York,2026-06-10 05:00:00,2026-06-10,5,Wednesday,20.3,100,12.7,209,0,31.75,Low Renewable Potential
223,2,Lexington,38.0406,-84.5037,America/New_York,2026-06-10 06:00:00,2026-06-10,6,Wednesday,20.5,65,11.1,209,35,27.75,Low Renewable Potential
224,2,Lexington,38.0406,-84.5037,America/New_York,2026-06-10 07:00:00,2026-06-10,7,Wednesday,20.8,81,15.6,218,19,39.0,Low Renewable Potential
225,2,Lexington,38.0406,-84.5037,America/New_York,2026-06-10 08:00:00,2026-06-10,8,Wednesday,21.9,53,16.1,220,47,40.25,Moderate Renewable Potential
226,2,Lexington,38.0406,-84.5037,America/New_York,2026-06-10 09:00:00,2026-06-10,9,Wednesday,23.5,57,16.5,247,43,41.25,Low Renewable Potential
227,2,Lexington,38.0406,-84.5037,America/New_York,2026-06-10 10:00:00,2026-06-10,10,Wednesday,25.2,17,18.0,250,83,45.0,Strong Solar Potential
228,2,Lexington,38.0406,-84.5037,America/New_York,2026-06-10 11:00:00,2026-06-10,11,Wednesday,26.7,44,15.1,242,56,37.75,Moderate Renewable Potential
229,2,Lexington,38.0406,-84.5037,America/New_York,2026-06-10 12:00:00,2026-06-10,12,Wednesday,27.6,42,16.9,239,58,42.25,Moderate Renewable Potential
230,2,Lexington,38.0406,-84.5037,America/New_York,2026-06-10 13:00:00,2026-06-10,13,Wednesday,28.2,65,17.8,234,35,44.5,Low Renewable Potential
231,2,Lexington,38.0406,-84.5037,America/New_York,2026-06-10 14:00:00,2026-06-10,14,Wednesday,28.5,84,19.6,229,16,49.0,Moderate Renewable Potential
232,2,Lexington,38.0406,-84.5037,America/New_York,2026-06-10 15:00:00,2026-06-10,15,Wednesday,28.7,100,21.6,226,0,54.0,Moderate Renewable Potential
233,2,Lexington,38.0406,-84.5037,America/New_York,2026-06-10 16:00:00,2026-06-10,16,Wednesday,29.0,100,23.7,229,0,59.25,Moderate Renewable Potential
234,2,Lexington,38.0406,-84.5037,America/New_York,2026-06-10 17:00:00,2026-06-10,17,Wednesday,29.2,100,22.8,239,0,57.0,Moderate Renewable Potential
235,2,Lexington,38.0406,-84.5037,America/New_York,2026-06-10 18:00:00,2026-06-10,18,Wednesday,28.8,100,21.7,238,0,54.25,Moderate Renewable Potential
236,2,Lexington,38.0406,-84.5037,America/New_York,2026-06-10 19:00:00,2026-06-10,19,Wednesday,27.6,100,20.7,235,0,51.75,Moderate Renewable Potential
237,2,Lexington,38.0406,-84.5037,America/New_York,2026-06-10 20:00:00,2026-06-10,20,Wednesday,26.4,100,18.0,233,0,45.0,Moderate Renewable Potential
238,2,Lexington,38.0406,-84.5037,America/New_York,2026-06-10 21:00:00,2026-06-10,21,Wednesday,24.4,39,12.7,225,61,31.75,Moderate Renewable Potential
239,2,Lexington,38.0406,-84.5037,America/New_York,2026-06-10 22:00:00,2026-06-10,22,Wednesday,23.8,100,12.5,221,0,31.25,Low Renewable Potential
240,2,Lexington,38.0406,-84.5037,America/New_York,2026-06-10 23:00:00,2026-06-10,23,Wednesday,23.3,78,12.8,212,22,32.0,Low Renewable Potential
241,2,Lexington,38.0406,-84.5037,America/New_York,2026-06-11 00:00:00,2026-06-11,0,Thursday,22.7,54,13.2,209,46,33.0,Moderate Renewable Potential
242,2,Lexington,38.0406,-84.5037,America/New_York,2026-06-11 01:00:00,2026-06-11,1,Thursday,22.1,54,12.3,212,46,30.75,Moderate Renewable Potential
243,2,Lexington,38.0406,-84.5037,America/New_York,2026-06-11 02:00:00,2026-06-11,2,Thursday,21.8,0,12.8,218,100,32.0,Strong Solar Potential
244,2,Lexington,38.0406,-84.5037,America/New_York,2026-06-11 03:00:00,2026-06-11,3,Thursday,21.7,0,14.2,216,100,35.5,Strong Solar Potential
245,2,Lexington,38.0406,-84.5037,America/New_York,2026-06-11 04:00:00,2026-06-11,4,Thursday,21.5,0,14.3,214,100,35.75,Strong Solar Potential
246,2,Lexington,38.0406,-84.5037,America/New_York,2026-06-11 05:00:00,2026-06-11,5,Thursday,21.3,0,15.2,211,100,38.0,Strong Solar Potential
247,2,Lexington,38.0406,-84.5037,America/New_York,2026-06-11 06:00:00,2026-06-11,6,Thursday,21.0,0,14.1,212,100,35.25,Strong Solar Potential
248,2,Lexington,38.0406,-84.5037,America/New_York,2026-06-11 07:00:00,2026-06-11,7,Thursday,21.1,0,13.0,214,100,32.5,Strong Solar Potential
249,2,Lexington,38.0406,-84.5037,America/New_York,2026-06-11 08:00:00,2026-06-11,8,Thursday,22.9,0,14.3,208,100,35.75,Strong Solar Potential
250,2,Lexington,38.0406,-84.5037,America/New_York,2026-06-11 09:00:00,2026-06-11,9,Thursday,24.8,0,17.6,226,100,44.0,Strong Solar Potential
251,2,Lexington,38.0406,-84.5037,America/New_York,2026-06-11 10:00:00,2026-06-11,10,Thursday,26.4,0,19.8,233,100,49.5,Strong Solar Potential
252,2,Lexington,38.0406,-84.5037,America/New_York,2026-06-11 11:00:00,2026-06-11,11,Thursday,27.8,0,20.3,240,100,50.75,Strong Solar Potential
253,2,Lexington,38.0406,-84.5037,America/New_York,2026-06-11 12:00:00,2026-06-11,12,Thursday,28.9,0,21.7,241,100,54.25,Strong Solar Potential
254,2,Lexington,38.0406,-84.5037,America/New_York,2026-06-11 13:00:00,2026-06-11,13,Thursday,29.6,0,22.5,243,100,56.25,Strong Solar Potential
255,2,Lexington,38.0406,-84.5037,America/New_York,2026-06-11 14:00:00,2026-06-11,14,Thursday,30.2,0,22.1,240,100,55.25,Strong Solar Potential
256,2,Lexington,38.0406,-84.5037,America/New_York,2026-06-11 15:00:00,2026-06-11,15,Thursday,30.5,61,22.2,238,39,55.5,Moderate Renewable Potential
257,2,Lexington,38.0406,-84.5037,America/New_York,2026-06-11 16:00:00,2026-06-11,16,Thursday,30.6,71,22.0,238,29,55.0,Moderate Renewable Potential
258,2,Lexington,38.0406,-84.5037,America/New_York,2026-06-11 17:00:00,2026-06-11,17,Thursday,30.5,25,19.3,233,75,48.25,Strong Solar Potential
259,2,Lexington,38.0406,-84.5037,America/New_York,2026-06-11 18:00:00,2026-06-11,18,Thursday,30.1,17,16.9,230,83,42.25,Strong Solar Potential
260,2,Lexington,38.0406,-84.5037,America/New_York,2026-06-11 19:00:00,2026-06-11,19,Thursday,28.9,15,16.6,236,85,41.5,Strong Solar Potential
261,2,Lexington,38.0406,-84.5037,America/New_York,2026-06-11 20:00:00,2026-06-11,20,Thursday,27.0,11,13.0,228,89,32.5,Strong Solar Potential
262,2,Lexington,38.0406,-84.5037,America/New_York,2026-06-11 21:00:00,2026-06-11,21,Thursday,25.1,15,14.0,228,85,35.0,Strong Solar Potential
263,2,Lexington,38.0406,-84.5037,America/New_York,2026-06-11 22:00:00,2026-06-11,22,Thursday,24.1,54,13.6,220,46,34.0,Moderate Renewable Potential
264,2,Lexington,38.0406,-84.5037,America/New_York,2026-06-11 23:00:00,2026-06-11,23,Thursday,23.6,83,13.9,217,17,34.75,Low Renewable Potential
265,2,Lexington,38.0406,-84.5037,America/New_York,2026-06-12 00:00:00,2026-06-12,0,Friday,23.2,17,14.0,226,83,35.0,Strong Solar Potential
266,2,Lexington,38.0406,-84.5037,America/New_York,2026-06-12 01:00:00,2026-06-12,1,Friday,22.9,15,14.0,224,85,35.0,Strong Solar Potential
267,2,Lexington,38.0406,-84.5037,America/New_York,2026-06-12 02:00:00,2026-06-12,2,Friday,22.4,5,13.2,223,95,33.0,Strong Solar Potential
268,2,Lexington,38.0406,-84.5037,America/New_York,2026-06-12 03:00:00,2026-06-12,3,Friday,22.1,5,14.5,215,95,36.25,Strong Solar Potential
269,2,Lexington,38.0406,-84.5037,America/New_York,2026-06-12 04:00:00,2026-06-12,4,Friday,21.7,0,14.7,208,100,36.75,Strong Solar Potential
270,2,Lexington,38.0406,-84.5037,America/New_York,2026-06-12 05:00:00,2026-06-12,5,Friday,21.2,11,13.0,204,89,32.5,Strong Solar Potential
271,2,Lexington,38.0406,-84.5037,America/New_York,2026-06-12 06:00:00,2026-06-12,6,Friday,21.0,7,14.3,214,93,35.75,Strong Solar Potential
272,2,Lexington,38.0406,-84.5037,America/New_York,2026-06-12 07:00:00,2026-06-12,7,Friday,21.5,23,13.1,217,77,32.75,Strong Solar Potential
273,2,Lexington,38.0406,-84.5037,America/New_York,2026-06-12 08:00:00,2026-06-12,8,Friday,23.2,100,15.5,224,0,38.75,Low Renewable Potential
274,2,Lexington,38.0406,-84.5037,America/New_York,2026-06-12 09:00:00,2026-06-12,9,Friday,24.7,100,17.7,241,0,44.25,Low Renewable Potential
275,2,Lexington,38.0406,-84.5037,America/New_York,2026-06-12 10:00:00,2026-06-12,10,Friday,25.7,100,17.6,244,0,44.0,Low Renewable Potential
276,2,Lexington,38.0406,-84.5037,America/New_York,2026-06-12 11:00:00,2026-06-12,11,Friday,26.7,100,16.5,226,0,41.25,Low Renewable Potential
277,2,Lexington,38.0406,-84.5037,America/New_York,2026-06-12 12:00:00,2026-06-12,12,Friday,28.0,100,18.6,226,0,46.5,Moderate Renewable Potential
278,2,Lexington,38.0406,-84.5037,America/New_York,2026-06-12 13:00:00,2026-06-12,13,Friday,28.9,100,20.0,242,0,50.0,Moderate Renewable Potential
279,2,Lexington,38.0406,-84.5037,America/New_York,2026-06-12 14:00:00,2026-06-12,14,Friday,29.8,100,20.4,244,0,51.0,Moderate Renewable Potential
280,2,Lexington,38.0406,-84.5037,America/New_York,2026-06-12 15:00:00,2026-06-12,15,Friday,30.0,89,21.0,248,11,52.5,Moderate Renewable Potential
281,2,Lexington,38.0406,-84.5037,America/New_York,2026-06-12 16:00:00,2026-06-12,16,Friday,28.9,100,21.6,272,0,54.0,Moderate Renewable Potential
282,2,Lexington,38.0406,-84.5037,America/New_York,2026-06-12 17:00:00,2026-06-12,17,Friday,27.8,100,21.0,282,0,52.5,Moderate Renewable Potential
283,2,Lexington,38.0406,-84.5037,America/New_York,2026-06-12 18:00:00,2026-06-12,18,Friday,26.7,100,18.8,296,0,47.0,Moderate Renewable Potential
284,2,Lexington,38.0406,-84.5037,America/New_York,2026-06-12 19:00:00,2026-06-12,19,Friday,25.8,100,18.3,306,0,45.75,Moderate Renewable Potential
285,2,Lexington,38.0406,-84.5037,America/New_York,2026-06-12 20:00:00,2026-06-12,20,Friday,24.8,100,16.5,324,0,41.25,Low Renewable Potential
286,2,Lexington,38.0406,-84.5037,America/New_York,2026-06-12 21:00:00,2026-06-12,21,Friday,23.3,100,11.4,336,0,28.5,Low Renewable Potential
287,2,Lexington,38.0406,-84.5037,America/New_York,2026-06-12 22:00:00,2026-06-12,22,Friday,22.5,100,12.2,346,0,30.5,Low Renewable Potential
288,2,Lexington,38.0406,-84.5037,America/New_York,2026-06-12 23:00:00,2026-06-12,23,Friday,21.9,100,13.7,358,0,34.25,Low Renewable Potential
289,2,Lexington,38.0406,-84.5037,America/New_York,2026-06-13 00:00:00,2026-06-13,0,Saturday,20.8,100,13.4,8,0,33.5,Low Renewable Potential
290,2,Lexington,38.0406,-84.5037,America/New_York,2026-06-13 01:00:00,2026-06-13,1,Saturday,19.7,100,12.8,10,0,32.0,Low Renewable Potential
291,2,Lexington,38.0406,-84.5037,America/New_York,2026-06-13 02:00:00,2026-06-13,2,Saturday,18.9,100,10.8,26,0,27.0,Low Renewable Potential
292,2,Lexington,38.0406,-84.5037,America/New_York,2026-06-13 03:00:00,2026-06-13,3,Saturday,18.5,100,10.8,37,0,27.0,Low Renewable Potential
293,2,Lexington,38.0406,-84.5037,America/New_York,2026-06-13 04:00:00,2026-06-13,4,Saturday,18.6,100,11.8,40,0,29.5,Low Renewable Potential
294,2,Lexington,38.0406,-84.5037,America/New_York,2026-06-13 05:00:00,2026-06-13,5,Saturday,17.7,100,13.5,42,0,33.75,Low Renewable Potential
295,2,Lexington,38.0406,-84.5037,America/New_York,2026-06-13 06:00:00,2026-06-13,6,Saturday,17.0,100,14.3,45,0,35.75,Low Renewable Potential
296,2,Lexington,38.0406,-84.5037,America/New_York,2026-06-13 07:00:00,2026-06-13,7,Saturday,16.4,100,13.8,43,0,34.5,Low Renewable Potential
297,2,Lexington,38.0406,-84.5037,America/New_York,2026-06-13 08:00:00,2026-06-13,8,Saturday,17.7,100,12.5,49,0,31.25,Low Renewable Potential
298,2,Lexington,38.0406,-84.5037,America/New_York,2026-06-13 09:00:00,2026-06-13,9,Saturday,19.6,100,15.6,61,0,39.0,Low Renewable Potential
299,2,Lexington,38.0406,-84.5037,America/New_York,2026-06-13 10:00:00,2026-06-13,10,Saturday,21.6,100,17.0,86,0,42.5,Low Renewable Potential
300,2,Lexington,38.0406,-84.5037,America/New_York,2026-06-13 11:00:00,2026-06-13,11,Saturday,23.2,74,15.9,87,26,39.75,Low Renewable Potential
301,2,Lexington,38.0406,-84.5037,America/New_York,2026-06-13 12:00:00,2026-06-13,12,Saturday,24.5,6,13.7,87,94,34.25,Strong Solar Potential
302,2,Lexington,38.0406,-84.5037,America/New_York,2026-06-13 13:00:00,2026-06-13,13,Saturday,25.5,0,10.7,76,100,26.75,Strong Solar Potential
303,2,Lexington,38.0406,-84.5037,America/New_York,2026-06-13 14:00:00,2026-06-13,14,Saturday,26.2,0,9.7,63,100,24.25,Strong Solar Potential
304,2,Lexington,38.0406,-84.5037,America/New_York,2026-06-13 15:00:00,2026-06-13,15,Saturday,26.9,0,8.8,55,100,22.0,Strong Solar Potential
305,2,Lexington,38.0406,-84.5037,America/New_York,2026-06-13 16:00:00,2026-06-13,16,Saturday,27.3,1,8.2,49,99,20.5,Strong Solar Potential
306,2,Lexington,38.0406,-84.5037,America/New_York,2026-06-13 17:00:00,2026-06-13,17,Saturday,27.2,7,8.2,41,93,20.5,Strong Solar Potential
307,2,Lexington,38.0406,-84.5037,America/New_York,2026-06-13 18:00:00,2026-06-13,18,Saturday,26.5,12,9.0,29,88,22.5,Strong Solar Potential
308,2,Lexington,38.0406,-84.5037,America/New_York,2026-06-13 19:00:00,2026-06-13,19,Saturday,25.3,19,10.6,18,81,26.5,Strong Solar Potential
309,2,Lexington,38.0406,-84.5037,America/New_York,2026-06-13 20:00:00,2026-06-13,20,Saturday,24.1,28,11.2,15,72,28.0,Strong Solar Potential
310,2,Lexington,38.0406,-84.5037,America/New_York,2026-06-13 21:00:00,2026-06-13,21,Saturday,22.9,41,10.3,25,59,25.75,Moderate Renewable Potential
311,2,Lexington,38.0406,-84.5037,America/New_York,2026-06-13 22:00:00,2026-06-13,22,Saturday,21.7,55,9.7,45,45,24.25,Moderate Renewable Potential
312,2,Lexington,38.0406,-84.5037,America/New_York,2026-06-13 23:00:00,2026-06-13,23,Saturday,20.7,69,9.7,59,31,24.25,Low Renewable Potential
313,2,Lexington,38.0406,-84.5037,America/New_York,2026-06-14 00:00:00,2026-06-14,0,Sunday,20.1,81,9.0,61,19,22.5,Low Renewable Potential
314,2,Lexington,38.0406,-84.5037,America/New_York,2026-06-14 01:00:00,2026-06-14,1,Sunday,19.8,92,8.1,58,8,20.25,Low Renewable Potential
315,2,Lexington,38.0406,-84.5037,America/New_York,2026-06-14 02:00:00,2026-06-14,2,Sunday,19.6,100,7.5,55,0,18.75,Low Renewable Potential
316,2,Lexington,38.0406,-84.5037,America/New_York,2026-06-14 03:00:00,2026-06-14,3,Sunday,19.7,100,7.2,53,0,18.0,Low Renewable Potential
317,2,Lexington,38.0406,-84.5037,America/New_York,2026-06-14 04:00:00,2026-06-14,4,Sunday,19.9,100,7.4,51,0,18.5,Low Renewable Potential
318,2,Lexington,38.0406,-84.5037,America/New_York,2026-06-14 05:00:00,2026-06-14,5,Sunday,20.0,100,7.6,45,0,19.0,Low Renewable Potential
319,2,Lexington,38.0406,-84.5037,America/New_York,2026-06-14 06:00:00,2026-06-14,6,Sunday,19.9,100,8.5,36,0,21.25,Low Renewable Potential
320,2,Lexington,38.0406,-84.5037,America/New_York,2026-06-14 07:00:00,2026-06-14,7,Sunday,19.8,100,9.7,31,0,24.25,Low Renewable Potential
321,2,Lexington,38.0406,-84.5037,America/New_York,2026-06-14 08:00:00,2026-06-14,8,Sunday,19.9,100,10.5,27,0,26.25,Low Renewable Potential
322,2,Lexington,38.0406,-84.5037,America/New_York,2026-06-14 09:00:00,2026-06-14,9,Sunday,20.5,100,10.2,23,0,25.5,Low Renewable Potential
323,2,Lexington,38.0406,-84.5037,America/New_York,2026-06-14 10:00:00,2026-06-14,10,Sunday,21.3,100,9.4,23,0,23.5,Low Renewable Potential
324,2,Lexington,38.0406,-84.5037,America/New_York,2026-06-14 11:00:00,2026-06-14,11,Sunday,22.3,100,9.0,23,0,22.5,Low Renewable Potential
325,2,Lexington,38.0406,-84.5037,America/New_York,2026-06-14 12:00:00,2026-06-14,12,Sunday,23.6,100,9.7,31,0,24.25,Low Renewable Potential
326,2,Lexington,38.0406,-84.5037,America/New_York,2026-06-14 13:00:00,2026-06-14,13,Sunday,25.1,99,11.2,40,1,28.0,Low Renewable Potential
327,2,Lexington,38.0406,-84.5037,America/New_York,2026-06-14 14:00:00,2026-06-14,14,Sunday,26.2,98,11.7,47,2,29.25,Low Renewable Potential
328,2,Lexington,38.0406,-84.5037,America/New_York,2026-06-14 15:00:00,2026-06-14,15,Sunday,26.7,95,9.6,56,5,24.0,Low Renewable Potential
329,2,Lexington,38.0406,-84.5037,America/New_York,2026-06-14 16:00:00,2026-06-14,16,Sunday,26.8,90,6.7,74,10,16.75,Low Renewable Potential
330,2,Lexington,38.0406,-84.5037,America/New_York,2026-06-14 17:00:00,2026-06-14,17,Sunday,26.6,86,5.1,94,14,12.75,Low Renewable Potential
331,2,Lexington,38.0406,-84.5037,America/New_York,2026-06-14 18:00:00,2026-06-14,18,Sunday,26.4,81,4.0,95,19,10.0,Low Renewable Potential
332,2,Lexington,38.0406,-84.5037,America/New_York,2026-06-14 19:00:00,2026-06-14,19,Sunday,26.0,77,3.1,69,23,7.75,Low Renewable Potential
333,2,Lexington,38.0406,-84.5037,America/New_York,2026-06-14 20:00:00,2026-06-14,20,Sunday,25.2,76,3.6,37,24,9.0,Low Renewable Potential
334,2,Lexington,38.0406,-84.5037,America/New_York,2026-06-14 21:00:00,2026-06-14,21,Sunday,24.0,82,5.0,21,18,12.5,Low Renewable Potential
335,2,Lexington,38.0406,-84.5037,America/New_York,2026-06-14 22:00:00,2026-06-14,22,Sunday,22.4,93,6.6,13,7,16.5,Low Renewable Potential
336,2,Lexington,38.0406,-84.5037,America/New_York,2026-06-14 23:00:00,2026-06-14,23,Sunday,21.1,100,8.2,15,0,20.5,Low Renewable Potential
337,3,Indianapolis,39.7684,-86.1581,America/Indiana/Indianapolis,2026-06-08 00:00:00,2026-06-08,0,Monday,22.9,9,3.1,126,91,7.75,Strong Solar Potential
338,3,Indianapolis,39.7684,-86.1581,America/Indiana/Indianapolis,2026-06-08 01:00:00,2026-06-08,1,Monday,22.9,2,5.9,101,98,14.75,Strong Solar Potential
339,3,Indianapolis,39.7684,-86.1581,America/Indiana/Indianapolis,2026-06-08 02:00:00,2026-06-08,2,Monday,23.2,8,4.6,108,92,11.5,Strong Solar Potential
340,3,Indianapolis,39.7684,-86.1581,America/Indiana/Indianapolis,2026-06-08 03:00:00,2026-06-08,3,Monday,22.7,4,1.3,34,96,3.25,Strong Solar Potential
341,3,Indianapolis,39.7684,-86.1581,America/Indiana/Indianapolis,2026-06-08 04:00:00,2026-06-08,4,Monday,22.7,13,4.1,105,87,10.25,Strong Solar Potential
342,3,Indianapolis,39.7684,-86.1581,America/Indiana/Indianapolis,2026-06-08 05:00:00,2026-06-08,5,Monday,22.2,25,4.8,103,75,12.0,Strong Solar Potential
343,3,Indianapolis,39.7684,-86.1581,America/Indiana/Indianapolis,2026-06-08 06:00:00,2026-06-08,6,Monday,22.0,98,5.5,122,2,13.75,Low Renewable Potential
344,3,Indianapolis,39.7684,-86.1581,America/Indiana/Indianapolis,2026-06-08 07:00:00,2026-06-08,7,Monday,22.3,95,6.3,121,5,15.75,Low Renewable Potential
345,3,Indianapolis,39.7684,-86.1581,America/Indiana/Indianapolis,2026-06-08 08:00:00,2026-06-08,8,Monday,22.8,100,6.7,164,0,16.75,Low Renewable Potential
346,3,Indianapolis,39.7684,-86.1581,America/Indiana/Indianapolis,2026-06-08 09:00:00,2026-06-08,9,Monday,23.8,100,7.6,149,0,19.0,Low Renewable Potential
347,3,Indianapolis,39.7684,-86.1581,America/Indiana/Indianapolis,2026-06-08 10:00:00,2026-06-08,10,Monday,24.7,100,8.9,153,0,22.25,Low Renewable Potential
348,3,Indianapolis,39.7684,-86.1581,America/Indiana/Indianapolis,2026-06-08 11:00:00,2026-06-08,11,Monday,25.4,96,8.8,161,4,22.0,Low Renewable Potential
349,3,Indianapolis,39.7684,-86.1581,America/Indiana/Indianapolis,2026-06-08 12:00:00,2026-06-08,12,Monday,25.6,100,10.8,165,0,27.0,Low Renewable Potential
350,3,Indianapolis,39.7684,-86.1581,America/Indiana/Indianapolis,2026-06-08 13:00:00,2026-06-08,13,Monday,24.2,100,9.0,180,0,22.5,Low Renewable Potential
351,3,Indianapolis,39.7684,-86.1581,America/Indiana/Indianapolis,2026-06-08 14:00:00,2026-06-08,14,Monday,25.1,100,16.0,171,0,40.0,Low Renewable Potential
352,3,Indianapolis,39.7684,-86.1581,America/Indiana/Indianapolis,2026-06-08 15:00:00,2026-06-08,15,Monday,24.8,100,12.8,130,0,32.0,Low Renewable Potential
353,3,Indianapolis,39.7684,-86.1581,America/Indiana/Indianapolis,2026-06-08 16:00:00,2026-06-08,16,Monday,26.7,100,13.8,165,0,34.5,Low Renewable Potential
354,3,Indianapolis,39.7684,-86.1581,America/Indiana/Indianapolis,2026-06-08 17:00:00,2026-06-08,17,Monday,25.7,100,11.6,164,0,29.0,Low Renewable Potential
355,3,Indianapolis,39.7684,-86.1581,America/Indiana/Indianapolis,2026-06-08 18:00:00,2026-06-08,18,Monday,26.8,74,10.1,182,26,25.25,Low Renewable Potential
356,3,Indianapolis,39.7684,-86.1581,America/Indiana/Indianapolis,2026-06-08 19:00:00,2026-06-08,19,Monday,26.9,100,13.4,156,0,33.5,Low Renewable Potential
357,3,Indianapolis,39.7684,-86.1581,America/Indiana/Indianapolis,2026-06-08 20:00:00,2026-06-08,20,Monday,25.5,100,12.6,149,0,31.5,Low Renewable Potential
358,3,Indianapolis,39.7684,-86.1581,America/Indiana/Indianapolis,2026-06-08 21:00:00,2026-06-08,21,Monday,24.3,75,14.0,145,25,35.0,Low Renewable Potential
359,3,Indianapolis,39.7684,-86.1581,America/Indiana/Indianapolis,2026-06-08 22:00:00,2026-06-08,22,Monday,23.6,91,14.2,156,9,35.5,Low Renewable Potential
360,3,Indianapolis,39.7684,-86.1581,America/Indiana/Indianapolis,2026-06-08 23:00:00,2026-06-08,23,Monday,23.4,68,11.4,152,32,28.5,Low Renewable Potential
361,3,Indianapolis,39.7684,-86.1581,America/Indiana/Indianapolis,2026-06-09 00:00:00,2026-06-09,0,Tuesday,23.1,100,11.9,155,0,29.75,Low Renewable Potential
362,3,Indianapolis,39.7684,-86.1581,America/Indiana/Indianapolis,2026-06-09 01:00:00,2026-06-09,1,Tuesday,22.9,100,12.8,158,0,32.0,Low Renewable Potential
363,3,Indianapolis,39.7684,-86.1581,America/Indiana/Indianapolis,2026-06-09 02:00:00,2026-06-09,2,Tuesday,22.8,100,12.8,164,0,32.0,Low Renewable Potential
364,3,Indianapolis,39.7684,-86.1581,America/Indiana/Indianapolis,2026-06-09 03:00:00,2026-06-09,3,Tuesday,22.6,100,11.5,166,0,28.75,Low Renewable Potential
365,3,Indianapolis,39.7684,-86.1581,America/Indiana/Indianapolis,2026-06-09 04:00:00,2026-06-09,4,Tuesday,22.7,100,11.3,171,0,28.25,Low Renewable Potential
366,3,Indianapolis,39.7684,-86.1581,America/Indiana/Indianapolis,2026-06-09 05:00:00,2026-06-09,5,Tuesday,22.3,88,9.4,178,12,23.5,Low Renewable Potential
367,3,Indianapolis,39.7684,-86.1581,America/Indiana/Indianapolis,2026-06-09 06:00:00,2026-06-09,6,Tuesday,22.1,100,7.6,185,0,19.0,Low Renewable Potential
368,3,Indianapolis,39.7684,-86.1581,America/Indiana/Indianapolis,2026-06-09 07:00:00,2026-06-09,7,Tuesday,22.4,100,10.5,184,0,26.25,Low Renewable Potential
369,3,Indianapolis,39.7684,-86.1581,America/Indiana/Indianapolis,2026-06-09 08:00:00,2026-06-09,8,Tuesday,23.3,100,12.7,209,0,31.75,Low Renewable Potential
370,3,Indianapolis,39.7684,-86.1581,America/Indiana/Indianapolis,2026-06-09 09:00:00,2026-06-09,9,Tuesday,23.5,100,13.0,186,0,32.5,Low Renewable Potential
371,3,Indianapolis,39.7684,-86.1581,America/Indiana/Indianapolis,2026-06-09 10:00:00,2026-06-09,10,Tuesday,24.4,89,14.2,204,11,35.5,Low Renewable Potential
372,3,Indianapolis,39.7684,-86.1581,America/Indiana/Indianapolis,2026-06-09 11:00:00,2026-06-09,11,Tuesday,24.1,100,14.8,209,0,37.0,Low Renewable Potential
373,3,Indianapolis,39.7684,-86.1581,America/Indiana/Indianapolis,2026-06-09 12:00:00,2026-06-09,12,Tuesday,26.2,100,11.7,223,0,29.25,Low Renewable Potential
374,3,Indianapolis,39.7684,-86.1581,America/Indiana/Indianapolis,2026-06-09 13:00:00,2026-06-09,13,Tuesday,26.1,99,14.2,216,1,35.5,Low Renewable Potential
375,3,Indianapolis,39.7684,-86.1581,America/Indiana/Indianapolis,2026-06-09 14:00:00,2026-06-09,14,Tuesday,28.9,100,16.8,239,0,42.0,Low Renewable Potential
376,3,Indianapolis,39.7684,-86.1581,America/Indiana/Indianapolis,2026-06-09 15:00:00,2026-06-09,15,Tuesday,30.2,100,15.9,237,0,39.75,Low Renewable Potential
377,3,Indianapolis,39.7684,-86.1581,America/Indiana/Indianapolis,2026-06-09 16:00:00,2026-06-09,16,Tuesday,31.1,28,17.8,228,72,44.5,Strong Solar Potential
378,3,Indianapolis,39.7684,-86.1581,America/Indiana/Indianapolis,2026-06-09 17:00:00,2026-06-09,17,Tuesday,31.3,100,18.2,232,0,45.5,Moderate Renewable Potential
379,3,Indianapolis,39.7684,-86.1581,America/Indiana/Indianapolis,2026-06-09 18:00:00,2026-06-09,18,Tuesday,31.3,100,16.6,231,0,41.5,Low Renewable Potential
380,3,Indianapolis,39.7684,-86.1581,America/Indiana/Indianapolis,2026-06-09 19:00:00,2026-06-09,19,Tuesday,31.1,100,15.8,235,0,39.5,Low Renewable Potential
381,3,Indianapolis,39.7684,-86.1581,America/Indiana/Indianapolis,2026-06-09 20:00:00,2026-06-09,20,Tuesday,30.1,100,16.0,234,0,40.0,Low Renewable Potential
382,3,Indianapolis,39.7684,-86.1581,America/Indiana/Indianapolis,2026-06-09 21:00:00,2026-06-09,21,Tuesday,28.3,100,11.6,234,0,29.0,Low Renewable Potential
383,3,Indianapolis,39.7684,-86.1581,America/Indiana/Indianapolis,2026-06-09 22:00:00,2026-06-09,22,Tuesday,27.5,89,13.8,223,11,34.5,Low Renewable Potential
384,3,Indianapolis,39.7684,-86.1581,America/Indiana/Indianapolis,2026-06-09 23:00:00,2026-06-09,23,Tuesday,26.4,100,13.7,210,0,34.25,Low Renewable Potential
385,3,Indianapolis,39.7684,-86.1581,America/Indiana/Indianapolis,2026-06-10 00:00:00,2026-06-10,0,Wednesday,25.4,100,11.2,220,0,28.0,Low Renewable Potential
386,3,Indianapolis,39.7684,-86.1581,America/Indiana/Indianapolis,2026-06-10 01:00:00,2026-06-10,1,Wednesday,25.1,100,15.4,217,0,38.5,Low Renewable Potential
387,3,Indianapolis,39.7684,-86.1581,America/Indiana/Indianapolis,2026-06-10 02:00:00,2026-06-10,2,Wednesday,24.4,100,12.6,239,0,31.5,Low Renewable Potential
388,3,Indianapolis,39.7684,-86.1581,America/Indiana/Indianapolis,2026-06-10 03:00:00,2026-06-10,3,Wednesday,24.4,100,12.2,208,0,30.5,Low Renewable Potential
389,3,Indianapolis,39.7684,-86.1581,America/Indiana/Indianapolis,2026-06-10 04:00:00,2026-06-10,4,Wednesday,23.5,61,11.1,193,39,27.75,Low Renewable Potential
390,3,Indianapolis,39.7684,-86.1581,America/Indiana/Indianapolis,2026-06-10 05:00:00,2026-06-10,5,Wednesday,23.2,100,13.0,185,0,32.5,Low Renewable Potential
391,3,Indianapolis,39.7684,-86.1581,America/Indiana/Indianapolis,2026-06-10 06:00:00,2026-06-10,6,Wednesday,23.0,90,14.0,192,10,35.0,Low Renewable Potential
392,3,Indianapolis,39.7684,-86.1581,America/Indiana/Indianapolis,2026-06-10 07:00:00,2026-06-10,7,Wednesday,23.0,100,18.8,200,0,47.0,Moderate Renewable Potential
393,3,Indianapolis,39.7684,-86.1581,America/Indiana/Indianapolis,2026-06-10 08:00:00,2026-06-10,8,Wednesday,24.4,100,18.2,231,0,45.5,Moderate Renewable Potential
394,3,Indianapolis,39.7684,-86.1581,America/Indiana/Indianapolis,2026-06-10 09:00:00,2026-06-10,9,Wednesday,26.2,100,15.6,244,0,39.0,Low Renewable Potential
395,3,Indianapolis,39.7684,-86.1581,America/Indiana/Indianapolis,2026-06-10 10:00:00,2026-06-10,10,Wednesday,28.3,100,18.4,244,0,46.0,Moderate Renewable Potential
396,3,Indianapolis,39.7684,-86.1581,America/Indiana/Indianapolis,2026-06-10 11:00:00,2026-06-10,11,Wednesday,30.0,100,21.2,249,0,53.0,Moderate Renewable Potential
397,3,Indianapolis,39.7684,-86.1581,America/Indiana/Indianapolis,2026-06-10 12:00:00,2026-06-10,12,Wednesday,30.8,82,21.9,239,18,54.75,Moderate Renewable Potential
398,3,Indianapolis,39.7684,-86.1581,America/Indiana/Indianapolis,2026-06-10 13:00:00,2026-06-10,13,Wednesday,31.6,53,19.7,231,47,49.25,Moderate Renewable Potential
399,3,Indianapolis,39.7684,-86.1581,America/Indiana/Indianapolis,2026-06-10 14:00:00,2026-06-10,14,Wednesday,31.8,24,20.6,232,76,51.5,Strong Solar Potential
400,3,Indianapolis,39.7684,-86.1581,America/Indiana/Indianapolis,2026-06-10 15:00:00,2026-06-10,15,Wednesday,31.6,100,20.4,229,0,51.0,Moderate Renewable Potential
401,3,Indianapolis,39.7684,-86.1581,America/Indiana/Indianapolis,2026-06-10 16:00:00,2026-06-10,16,Wednesday,31.5,100,21.3,231,0,53.25,Moderate Renewable Potential
402,3,Indianapolis,39.7684,-86.1581,America/Indiana/Indianapolis,2026-06-10 17:00:00,2026-06-10,17,Wednesday,31.2,100,20.8,233,0,52.0,Moderate Renewable Potential
403,3,Indianapolis,39.7684,-86.1581,America/Indiana/Indianapolis,2026-06-10 18:00:00,2026-06-10,18,Wednesday,30.8,100,19.2,232,0,48.0,Moderate Renewable Potential
404,3,Indianapolis,39.7684,-86.1581,America/Indiana/Indianapolis,2026-06-10 19:00:00,2026-06-10,19,Wednesday,29.9,100,17.6,224,0,44.0,Low Renewable Potential
405,3,Indianapolis,39.7684,-86.1581,America/Indiana/Indianapolis,2026-06-10 20:00:00,2026-06-10,20,Wednesday,28.6,73,16.1,220,27,40.25,Low Renewable Potential
406,3,Indianapolis,39.7684,-86.1581,America/Indiana/Indianapolis,2026-06-10 21:00:00,2026-06-10,21,Wednesday,27.2,98,13.5,209,2,33.75,Low Renewable Potential
407,3,Indianapolis,39.7684,-86.1581,America/Indiana/Indianapolis,2026-06-10 22:00:00,2026-06-10,22,Wednesday,26.2,45,11.0,203,55,27.5,Moderate Renewable Potential
408,3,Indianapolis,39.7684,-86.1581,America/Indiana/Indianapolis,2026-06-10 23:00:00,2026-06-10,23,Wednesday,25.5,100,14.7,191,0,36.75,Low Renewable Potential
409,3,Indianapolis,39.7684,-86.1581,America/Indiana/Indianapolis,2026-06-11 00:00:00,2026-06-11,0,Thursday,25.4,100,17.1,202,0,42.75,Low Renewable Potential
410,3,Indianapolis,39.7684,-86.1581,America/Indiana/Indianapolis,2026-06-11 01:00:00,2026-06-11,1,Thursday,25.4,100,13.8,219,0,34.5,Low Renewable Potential
411,3,Indianapolis,39.7684,-86.1581,America/Indiana/Indianapolis,2026-06-11 02:00:00,2026-06-11,2,Thursday,25.3,100,15.3,221,0,38.25,Low Renewable Potential
412,3,Indianapolis,39.7684,-86.1581,America/Indiana/Indianapolis,2026-06-11 03:00:00,2026-06-11,3,Thursday,25.4,42,15.5,222,58,38.75,Moderate Renewable Potential
413,3,Indianapolis,39.7684,-86.1581,America/Indiana/Indianapolis,2026-06-11 04:00:00,2026-06-11,4,Thursday,25.2,7,15.5,226,93,38.75,Strong Solar Potential
414,3,Indianapolis,39.7684,-86.1581,America/Indiana/Indianapolis,2026-06-11 05:00:00,2026-06-11,5,Thursday,24.6,10,14.0,222,90,35.0,Strong Solar Potential
415,3,Indianapolis,39.7684,-86.1581,America/Indiana/Indianapolis,2026-06-11 06:00:00,2026-06-11,6,Thursday,24.2,0,13.0,219,100,32.5,Strong Solar Potential
416,3,Indianapolis,39.7684,-86.1581,America/Indiana/Indianapolis,2026-06-11 07:00:00,2026-06-11,7,Thursday,24.0,24,11.9,215,76,29.75,Strong Solar Potential
417,3,Indianapolis,39.7684,-86.1581,America/Indiana/Indianapolis,2026-06-11 08:00:00,2026-06-11,8,Thursday,24.8,79,13.8,221,21,34.5,Low Renewable Potential
418,3,Indianapolis,39.7684,-86.1581,America/Indiana/Indianapolis,2026-06-11 09:00:00,2026-06-11,9,Thursday,26.2,11,15.5,224,89,38.75,Strong Solar Potential
419,3,Indianapolis,39.7684,-86.1581,America/Indiana/Indianapolis,2026-06-11 10:00:00,2026-06-11,10,Thursday,27.6,100,15.7,233,0,39.25,Low Renewable Potential
420,3,Indianapolis,39.7684,-86.1581,America/Indiana/Indianapolis,2026-06-11 11:00:00,2026-06-11,11,Thursday,28.7,100,16.8,228,0,42.0,Low Renewable Potential
421,3,Indianapolis,39.7684,-86.1581,America/Indiana/Indianapolis,2026-06-11 12:00:00,2026-06-11,12,Thursday,29.8,100,17.3,225,0,43.25,Low Renewable Potential
422,3,Indianapolis,39.7684,-86.1581,America/Indiana/Indianapolis,2026-06-11 13:00:00,2026-06-11,13,Thursday,30.9,96,17.8,222,4,44.5,Low Renewable Potential
423,3,Indianapolis,39.7684,-86.1581,America/Indiana/Indianapolis,2026-06-11 14:00:00,2026-06-11,14,Thursday,31.7,77,18.6,224,23,46.5,Moderate Renewable Potential
424,3,Indianapolis,39.7684,-86.1581,America/Indiana/Indianapolis,2026-06-11 15:00:00,2026-06-11,15,Thursday,32.3,56,19.1,223,44,47.75,Moderate Renewable Potential
425,3,Indianapolis,39.7684,-86.1581,America/Indiana/Indianapolis,2026-06-11 16:00:00,2026-06-11,16,Thursday,31.8,95,18.6,223,5,46.5,Moderate Renewable Potential
426,3,Indianapolis,39.7684,-86.1581,America/Indiana/Indianapolis,2026-06-11 17:00:00,2026-06-11,17,Thursday,31.8,100,19.9,222,0,49.75,Moderate Renewable Potential
427,3,Indianapolis,39.7684,-86.1581,America/Indiana/Indianapolis,2026-06-11 18:00:00,2026-06-11,18,Thursday,31.2,100,19.4,228,0,48.5,Moderate Renewable Potential
428,3,Indianapolis,39.7684,-86.1581,America/Indiana/Indianapolis,2026-06-11 19:00:00,2026-06-11,19,Thursday,29.8,100,18.4,222,0,46.0,Moderate Renewable Potential
429,3,Indianapolis,39.7684,-86.1581,America/Indiana/Indianapolis,2026-06-11 20:00:00,2026-06-11,20,Thursday,28.8,100,18.0,209,0,45.0,Moderate Renewable Potential
430,3,Indianapolis,39.7684,-86.1581,America/Indiana/Indianapolis,2026-06-11 21:00:00,2026-06-11,21,Thursday,27.5,23,17.9,199,77,44.75,Strong Solar Potential
431,3,Indianapolis,39.7684,-86.1581,America/Indiana/Indianapolis,2026-06-11 22:00:00,2026-06-11,22,Thursday,26.7,0,15.1,205,100,37.75,Strong Solar Potential
432,3,Indianapolis,39.7684,-86.1581,America/Indiana/Indianapolis,2026-06-11 23:00:00,2026-06-11,23,Thursday,26.1,0,14.8,209,100,37.0,Strong Solar Potential
433,3,Indianapolis,39.7684,-86.1581,America/Indiana/Indianapolis,2026-06-12 00:00:00,2026-06-12,0,Friday,25.9,0,16.3,205,100,40.75,Strong Solar Potential
434,3,Indianapolis,39.7684,-86.1581,America/Indiana/Indianapolis,2026-06-12 01:00:00,2026-06-12,1,Friday,26.0,42,17.2,213,58,43.0,Moderate Renewable Potential
435,3,Indianapolis,39.7684,-86.1581,America/Indiana/Indianapolis,2026-06-12 02:00:00,2026-06-12,2,Friday,24.0,100,17.2,217,0,43.0,Low Renewable Potential
436,3,Indianapolis,39.7684,-86.1581,America/Indiana/Indianapolis,2026-06-12 03:00:00,2026-06-12,3,Friday,23.7,100,15.5,222,0,38.75,Low Renewable Potential
437,3,Indianapolis,39.7684,-86.1581,America/Indiana/Indianapolis,2026-06-12 04:00:00,2026-06-12,4,Friday,23.4,100,14.1,220,0,35.25,Low Renewable Potential
438,3,Indianapolis,39.7684,-86.1581,America/Indiana/Indianapolis,2026-06-12 05:00:00,2026-06-12,5,Friday,22.8,100,15.6,232,0,39.0,Low Renewable Potential
439,3,Indianapolis,39.7684,-86.1581,America/Indiana/Indianapolis,2026-06-12 06:00:00,2026-06-12,6,Friday,22.2,100,24.7,289,0,61.75,Moderate Renewable Potential
440,3,Indianapolis,39.7684,-86.1581,America/Indiana/Indianapolis,2026-06-12 07:00:00,2026-06-12,7,Friday,20.9,100,13.8,298,0,34.5,Low Renewable Potential
441,3,Indianapolis,39.7684,-86.1581,America/Indiana/Indianapolis,2026-06-12 08:00:00,2026-06-12,8,Friday,21.7,100,2.6,236,0,6.5,Low Renewable Potential
442,3,Indianapolis,39.7684,-86.1581,America/Indiana/Indianapolis,2026-06-12 09:00:00,2026-06-12,9,Friday,22.6,100,6.0,253,0,15.0,Low Renewable Potential
443,3,Indianapolis,39.7684,-86.1581,America/Indiana/Indianapolis,2026-06-12 10:00:00,2026-06-12,10,Friday,23.9,100,8.7,275,0,21.75,Low Renewable Potential
444,3,Indianapolis,39.7684,-86.1581,America/Indiana/Indianapolis,2026-06-12 11:00:00,2026-06-12,11,Friday,24.6,100,8.8,305,0,22.0,Low Renewable Potential
445,3,Indianapolis,39.7684,-86.1581,America/Indiana/Indianapolis,2026-06-12 12:00:00,2026-06-12,12,Friday,26.1,100,9.9,316,0,24.75,Low Renewable Potential
446,3,Indianapolis,39.7684,-86.1581,America/Indiana/Indianapolis,2026-06-12 13:00:00,2026-06-12,13,Friday,27.9,93,11.5,316,7,28.75,Low Renewable Potential
447,3,Indianapolis,39.7684,-86.1581,America/Indiana/Indianapolis,2026-06-12 14:00:00,2026-06-12,14,Friday,29.0,12,13.6,323,88,34.0,Strong Solar Potential
448,3,Indianapolis,39.7684,-86.1581,America/Indiana/Indianapolis,2026-06-12 15:00:00,2026-06-12,15,Friday,29.2,12,15.1,327,88,37.75,Strong Solar Potential
449,3,Indianapolis,39.7684,-86.1581,America/Indiana/Indianapolis,2026-06-12 16:00:00,2026-06-12,16,Friday,29.4,98,15.3,315,2,38.25,Low Renewable Potential
450,3,Indianapolis,39.7684,-86.1581,America/Indiana/Indianapolis,2026-06-12 17:00:00,2026-06-12,17,Friday,28.8,100,17.1,316,0,42.75,Low Renewable Potential
451,3,Indianapolis,39.7684,-86.1581,America/Indiana/Indianapolis,2026-06-12 18:00:00,2026-06-12,18,Friday,28.2,100,16.7,323,0,41.75,Low Renewable Potential
452,3,Indianapolis,39.7684,-86.1581,America/Indiana/Indianapolis,2026-06-12 19:00:00,2026-06-12,19,Friday,27.1,100,16.3,329,0,40.75,Low Renewable Potential
453,3,Indianapolis,39.7684,-86.1581,America/Indiana/Indianapolis,2026-06-12 20:00:00,2026-06-12,20,Friday,25.8,100,12.7,335,0,31.75,Low Renewable Potential
454,3,Indianapolis,39.7684,-86.1581,America/Indiana/Indianapolis,2026-06-12 21:00:00,2026-06-12,21,Friday,24.5,100,10.0,330,0,25.0,Low Renewable Potential
455,3,Indianapolis,39.7684,-86.1581,America/Indiana/Indianapolis,2026-06-12 22:00:00,2026-06-12,22,Friday,23.5,0,9.2,329,100,23.0,Strong Solar Potential
456,3,Indianapolis,39.7684,-86.1581,America/Indiana/Indianapolis,2026-06-12 23:00:00,2026-06-12,23,Friday,22.7,0,8.7,336,100,21.75,Strong Solar Potential
457,3,Indianapolis,39.7684,-86.1581,America/Indiana/Indianapolis,2026-06-13 00:00:00,2026-06-13,0,Saturday,21.9,100,7.2,333,0,18.0,Low Renewable Potential
458,3,Indianapolis,39.7684,-86.1581,America/Indiana/Indianapolis,2026-06-13 01:00:00,2026-06-13,1,Saturday,21.3,100,6.2,350,0,15.5,Low Renewable Potential
459,3,Indianapolis,39.7684,-86.1581,America/Indiana/Indianapolis,2026-06-13 02:00:00,2026-06-13,2,Saturday,20.7,100,8.7,355,0,21.75,Low Renewable Potential
460,3,Indianapolis,39.7684,-86.1581,America/Indiana/Indianapolis,2026-06-13 03:00:00,2026-06-13,3,Saturday,19.9,100,7.0,12,0,17.5,Low Renewable Potential
461,3,Indianapolis,39.7684,-86.1581,America/Indiana/Indianapolis,2026-06-13 04:00:00,2026-06-13,4,Saturday,19.4,100,6.2,54,0,15.5,Low Renewable Potential
462,3,Indianapolis,39.7684,-86.1581,America/Indiana/Indianapolis,2026-06-13 05:00:00,2026-06-13,5,Saturday,18.9,100,4.9,73,0,12.25,Low Renewable Potential
463,3,Indianapolis,39.7684,-86.1581,America/Indiana/Indianapolis,2026-06-13 06:00:00,2026-06-13,6,Saturday,18.4,0,6.3,77,100,15.75,Strong Solar Potential
464,3,Indianapolis,39.7684,-86.1581,America/Indiana/Indianapolis,2026-06-13 07:00:00,2026-06-13,7,Saturday,18.3,0,6.5,93,100,16.25,Strong Solar Potential
465,3,Indianapolis,39.7684,-86.1581,America/Indiana/Indianapolis,2026-06-13 08:00:00,2026-06-13,8,Saturday,19.6,0,6.4,117,100,16.0,Strong Solar Potential
466,3,Indianapolis,39.7684,-86.1581,America/Indiana/Indianapolis,2026-06-13 09:00:00,2026-06-13,9,Saturday,21.4,0,6.9,133,100,17.25,Strong Solar Potential
467,3,Indianapolis,39.7684,-86.1581,America/Indiana/Indianapolis,2026-06-13 10:00:00,2026-06-13,10,Saturday,23.0,69,8.0,153,31,20.0,Low Renewable Potential
468,3,Indianapolis,39.7684,-86.1581,America/Indiana/Indianapolis,2026-06-13 11:00:00,2026-06-13,11,Saturday,24.4,5,10.0,165,95,25.0,Strong Solar Potential
469,3,Indianapolis,39.7684,-86.1581,America/Indiana/Indianapolis,2026-06-13 12:00:00,2026-06-13,12,Saturday,25.9,7,9.7,182,93,24.25,Strong Solar Potential
470,3,Indianapolis,39.7684,-86.1581,America/Indiana/Indianapolis,2026-06-13 13:00:00,2026-06-13,13,Saturday,27.0,100,8.5,192,0,21.25,Low Renewable Potential
471,3,Indianapolis,39.7684,-86.1581,America/Indiana/Indianapolis,2026-06-13 14:00:00,2026-06-13,14,Saturday,27.1,100,9.7,195,0,24.25,Low Renewable Potential
472,3,Indianapolis,39.7684,-86.1581,America/Indiana/Indianapolis,2026-06-13 15:00:00,2026-06-13,15,Saturday,27.3,100,8.2,209,0,20.5,Low Renewable Potential
473,3,Indianapolis,39.7684,-86.1581,America/Indiana/Indianapolis,2026-06-13 16:00:00,2026-06-13,16,Saturday,27.3,100,7.1,229,0,17.75,Low Renewable Potential
474,3,Indianapolis,39.7684,-86.1581,America/Indiana/Indianapolis,2026-06-13 17:00:00,2026-06-13,17,Saturday,27.1,100,6.8,252,0,17.0,Low Renewable Potential
475,3,Indianapolis,39.7684,-86.1581,America/Indiana/Indianapolis,2026-06-13 18:00:00,2026-06-13,18,Saturday,26.6,100,6.8,267,0,17.0,Low Renewable Potential
476,3,Indianapolis,39.7684,-86.1581,America/Indiana/Indianapolis,2026-06-13 19:00:00,2026-06-13,19,Saturday,26.0,100,6.5,276,0,16.25,Low Renewable Potential
477,3,Indianapolis,39.7684,-86.1581,America/Indiana/Indianapolis,2026-06-13 20:00:00,2026-06-13,20,Saturday,25.3,100,6.0,287,0,15.0,Low Renewable Potential
478,3,Indianapolis,39.7684,-86.1581,America/Indiana/Indianapolis,2026-06-13 21:00:00,2026-06-13,21,Saturday,24.5,100,5.3,298,0,13.25,Low Renewable Potential
479,3,Indianapolis,39.7684,-86.1581,America/Indiana/Indianapolis,2026-06-13 22:00:00,2026-06-13,22,Saturday,23.6,100,4.6,309,0,11.5,Low Renewable Potential
480,3,Indianapolis,39.7684,-86.1581,America/Indiana/Indianapolis,2026-06-13 23:00:00,2026-06-13,23,Saturday,22.9,100,4.3,318,0,10.75,Low Renewable Potential
481,3,Indianapolis,39.7684,-86.1581,America/Indiana/Indianapolis,2026-06-14 00:00:00,2026-06-14,0,Sunday,22.4,100,4.1,315,0,10.25,Low Renewable Potential
482,3,Indianapolis,39.7684,-86.1581,America/Indiana/Indianapolis,2026-06-14 01:00:00,2026-06-14,1,Sunday,22.2,100,3.9,304,0,9.75,Low Renewable Potential
483,3,Indianapolis,39.7684,-86.1581,America/Indiana/Indianapolis,2026-06-14 02:00:00,2026-06-14,2,Sunday,21.9,100,3.9,304,0,9.75,Low Renewable Potential
484,3,Indianapolis,39.7684,-86.1581,America/Indiana/Indianapolis,2026-06-14 03:00:00,2026-06-14,3,Sunday,21.5,100,3.8,319,0,9.5,Low Renewable Potential
485,3,Indianapolis,39.7684,-86.1581,America/Indiana/Indianapolis,2026-06-14 04:00:00,2026-06-14,4,Sunday,21.1,100,4.7,337,0,11.75,Low Renewable Potential
486,3,Indianapolis,39.7684,-86.1581,America/Indiana/Indianapolis,2026-06-14 05:00:00,2026-06-14,5,Sunday,20.8,100,5.8,353,0,14.5,Low Renewable Potential
487,3,Indianapolis,39.7684,-86.1581,America/Indiana/Indianapolis,2026-06-14 06:00:00,2026-06-14,6,Sunday,20.4,89,6.8,3,11,17.0,Low Renewable Potential
488,3,Indianapolis,39.7684,-86.1581,America/Indiana/Indianapolis,2026-06-14 07:00:00,2026-06-14,7,Sunday,20.2,74,7.8,13,26,19.5,Low Renewable Potential
489,3,Indianapolis,39.7684,-86.1581,America/Indiana/Indianapolis,2026-06-14 08:00:00,2026-06-14,8,Sunday,20.5,57,8.8,19,43,22.0,Low Renewable Potential
490,3,Indianapolis,39.7684,-86.1581,America/Indiana/Indianapolis,2026-06-14 09:00:00,2026-06-14,9,Sunday,21.6,37,9.4,23,63,23.5,Moderate Renewable Potential
491,3,Indianapolis,39.7684,-86.1581,America/Indiana/Indianapolis,2026-06-14 10:00:00,2026-06-14,10,Sunday,23.3,16,9.7,27,84,24.25,Strong Solar Potential
492,3,Indianapolis,39.7684,-86.1581,America/Indiana/Indianapolis,2026-06-14 11:00:00,2026-06-14,11,Sunday,24.9,4,9.5,29,96,23.75,Strong Solar Potential
493,3,Indianapolis,39.7684,-86.1581,America/Indiana/Indianapolis,2026-06-14 12:00:00,2026-06-14,12,Sunday,26.2,7,8.9,32,93,22.25,Strong Solar Potential
494,3,Indianapolis,39.7684,-86.1581,America/Indiana/Indianapolis,2026-06-14 13:00:00,2026-06-14,13,Sunday,27.5,19,8.1,32,81,20.25,Strong Solar Potential
495,3,Indianapolis,39.7684,-86.1581,America/Indiana/Indianapolis,2026-06-14 14:00:00,2026-06-14,14,Sunday,28.5,33,7.8,34,67,19.5,Moderate Renewable Potential
496,3,Indianapolis,39.7684,-86.1581,America/Indiana/Indianapolis,2026-06-14 15:00:00,2026-06-14,15,Sunday,29.1,50,8.9,32,50,22.25,Moderate Renewable Potential
497,3,Indianapolis,39.7684,-86.1581,America/Indiana/Indianapolis,2026-06-14 16:00:00,2026-06-14,16,Sunday,29.4,69,10.3,29,31,25.75,Low Renewable Potential
498,3,Indianapolis,39.7684,-86.1581,America/Indiana/Indianapolis,2026-06-14 17:00:00,2026-06-14,17,Sunday,29.1,84,11.9,29,16,29.75,Low Renewable Potential
499,3,Indianapolis,39.7684,-86.1581,America/Indiana/Indianapolis,2026-06-14 18:00:00,2026-06-14,18,Sunday,27.7,93,13.2,29,7,33.0,Low Renewable Potential
500,3,Indianapolis,39.7684,-86.1581,America/Indiana/Indianapolis,2026-06-14 19:00:00,2026-06-14,19,Sunday,25.6,97,14.7,31,3,36.75,Low Renewable Potential
501,3,Indianapolis,39.7684,-86.1581,America/Indiana/Indianapolis,2026-06-14 20:00:00,2026-06-14,20,Sunday,23.9,100,15.4,33,0,38.5,Low Renewable Potential
502,3,Indianapolis,39.7684,-86.1581,America/Indiana/Indianapolis,2026-06-14 21:00:00,2026-06-14,21,Sunday,22.9,100,15.0,35,0,37.5,Low Renewable Potential
503,3,Indianapolis,39.7684,-86.1581,America/Indiana/Indianapolis,2026-06-14 22:00:00,2026-06-14,22,Sunday,22.2,100,13.8,39,0,34.5,Low Renewable Potential
504,3,Indianapolis,39.7684,-86.1581,America/Indiana/Indianapolis,2026-06-14 23:00:00,2026-06-14,23,Sunday,21.6,100,12.7,43,0,31.75,Low Renewable Potential
